date,debt_gdp,country,gdp_growth,unemployment,inflation,deficit_gdp,bond_yield,spread_bps,country_group,year,quarter,year_quarter,period,crisis_period,post_omt,giips,ecb_rate,debt_gdp_lag1,deficit_gdp_lag1,gdp_growth_lag1,debt_change,spread_change,debt_gdp_ma4,gdp_growth_ma4,debt_crisis,deficit_crisis,bailout,bailout_amount
2008-01-01,67.5,Austria,2.6,3.8,3.2333333333333334,-3.4,4.1807,25.40333333333331,Core,2008,1,2008Q1,Pre-Crisis,0,0,0,4,NA,NA,NA,NA,NA,NA,NA,0,-0,0,0
2008-01-01,67,France,1.6,7.2,3.3000000000000003,-5.4,4.083333333333333,15.666666666666629,Core,2008,1,2008Q1,Pre-Crisis,0,0,0,4,NA,NA,NA,NA,NA,NA,NA,0,-0,0,0
2008-01-01,64,Germany,2.2,7.6,3.1,-0.9,3.9266666666666667,0,Core,2008,1,2008Q1,Pre-Crisis,0,0,0,4,NA,NA,NA,NA,NA,NA,NA,0,-0,0,0
2008-01-01,105.4,Greece,2.3,7.7,4.3,-9,4.586666666666666,65.99999999999993,GIIPS,2008,1,2008Q1,Pre-Crisis,0,0,1,4,NA,NA,NA,NA,NA,NA,NA,0,-0,0,0
2008-01-01,26.4,Ireland,0.1,4.9,3.433333333333333,-3.8,4.21,28.33333333333332,GIIPS,2008,1,2008Q1,Pre-Crisis,0,0,1,4,NA,NA,NA,NA,NA,NA,NA,0,-0,0,0
2008-01-01,105.7,Italy,0,6.5,3.2666666666666666,-8.2,4.376666666666667,45.000000000000014,GIIPS,2008,1,2008Q1,Pre-Crisis,0,0,1,4,NA,NA,NA,NA,NA,NA,NA,0,-0,0,0
2008-01-01,43.7,Netherlands,3.3,3.1,1.9,0.9,4.050333333333334,12.366666666666681,Core,2008,1,2008Q1,Pre-Crisis,0,0,0,4,NA,NA,NA,NA,NA,NA,NA,0,0,0,0
2008-01-01,71.4,Portugal,1.2,7.8,3,-1.3,4.312,38.53333333333335,GIIPS,2008,1,2008Q1,Pre-Crisis,0,0,1,4,NA,NA,NA,NA,NA,NA,NA,0,-0,0,0
2008-01-01,34.9,Spain,1.9,9.6,4.5,0,4.1513333333333335,22.46666666666668,GIIPS,2008,1,2008Q1,Pre-Crisis,0,0,1,4,NA,NA,NA,NA,NA,NA,NA,0,0,0,0
2008-04-01,67.1,Austria,2.5,3.5,3.7333333333333334,-1.2,4.5397,28.636666666666688,Core,2008,2,2008Q2,Pre-Crisis,0,0,0,4,67.5,-3.4,2.6,-0.4000000000000057,3.233333333333377,NA,NA,0,-0,0,0
2008-04-01,67.3,France,0.6,7.3,3.7,-0.3,4.47,21.66666666666668,Core,2008,2,2008Q2,Pre-Crisis,0,0,0,4,67,-5.4,1.6,0.29999999999999716,6.00000000000005,NA,NA,0,-0,0,0
2008-04-01,64.8,Germany,-0.5,7.4,3.066666666666667,1.3,4.253333333333333,0,Core,2008,2,2008Q2,Pre-Crisis,0,0,0,4,64,-0.9,2.2,0.7999999999999972,0,NA,NA,0,0,0,0
2008-04-01,106.6,Greece,1.6,7.3,4.733333333333333,-15.9,4.783333333333333,53.00000000000003,GIIPS,2008,2,2008Q2,Pre-Crisis,0,0,1,4,105.4,-9,2.3,1.1999999999999886,-12.9999999999999,NA,NA,0,-0,0,0
2008-04-01,31,Ireland,-2.3,5.4,3.6666666666666665,-9.7,4.6433333333333335,39.00000000000006,GIIPS,2008,2,2008Q2,Pre-Crisis,0,0,1,4,26.4,-3.8,0.1,4.600000000000001,10.666666666666735,NA,NA,0,-0,0,0
2008-04-01,105.1,Italy,-0.6,6.7,3.7333333333333334,-1.8,4.780333333333333,52.70000000000002,GIIPS,2008,2,2008Q2,Pre-Crisis,0,0,1,4,105.7,-8.2,0,-0.6000000000000085,7.700000000000003,NA,NA,0,-0,0,0
2008-04-01,43.6,Netherlands,2.4,2.9,2.033333333333333,-1.6,4.435333333333333,18.20000000000004,Core,2008,2,2008Q2,Pre-Crisis,0,0,0,4,43.7,0.9,3.3,-0.10000000000000142,5.833333333333357,NA,NA,0,-0,0,0
2008-04-01,73.1,Portugal,0.6,7.6,2.9,-0.8,4.695,44.16666666666673,GIIPS,2008,2,2008Q2,Pre-Crisis,0,0,1,4,71.4,-1.3,1.2,1.6999999999999886,5.6333333333333755,NA,NA,0,-0,0,0
2008-04-01,35.4,Spain,0.6,10.4,4.666666666666667,-6.7,4.511,25.766666666666715,GIIPS,2008,2,2008Q2,Pre-Crisis,0,0,1,4,34.9,0,1.9,0.5,3.3000000000000362,NA,NA,0,-0,0,0
2008-07-01,67.2,Austria,1.2,3.7,3.7,-1.2,4.5733,31.32999999999999,Core,2008,3,2008Q3,Pre-Crisis,0,0,0,4.25,67.1,-1.2,2.5,0.10000000000000853,2.693333333333303,NA,NA,0,-0,0,0
2008-07-01,67.8,France,-0.2,7.5,3.6333333333333337,-4.7,4.483333333333333,22.33333333333336,Core,2008,3,2008Q3,Pre-Crisis,0,0,0,4.25,67.3,-0.3,0.6,0.5,0.6666666666666821,NA,NA,0,-0,0,0
2008-07-01,64.3,Germany,-0.3,7.1,3.2333333333333334,-0.9,4.26,0,Core,2008,3,2008Q3,Pre-Crisis,0,0,0,4.25,64.8,1.3,-0.5,-0.5,0,NA,NA,0,-0,0,0
2008-07-01,108,Greece,0.5,7.3,4.8,-6.2,4.986666666666666,72.66666666666666,GIIPS,2008,3,2008Q3,Pre-Crisis,0,0,1,4.25,106.6,-15.9,1.6,1.4000000000000057,19.66666666666663,NA,NA,0,-0,0,0
2008-07-01,37.1,Ireland,-3.1,6.5,3.3000000000000003,-9.1,4.6899999999999995,42.99999999999997,GIIPS,2008,3,2008Q3,Pre-Crisis,0,0,1,4.25,31,-9.7,-2.3,6.100000000000001,3.9999999999999147,NA,NA,0,-0,0,0
2008-07-01,104.4,Italy,-1.7,6.7,4.066666666666666,-1.2,4.904333333333334,64.4333333333334,GIIPS,2008,3,2008Q3,Pre-Crisis,0,0,1,4.25,105.1,-1.8,-0.6,-0.6999999999999886,11.733333333333377,NA,NA,0,-0,0,0
2008-07-01,43.9,Netherlands,1.5,2.7,2.933333333333333,-1.5,4.479333333333333,21.933333333333316,Core,2008,3,2008Q3,Pre-Crisis,0,0,0,4.25,43.6,-1.6,2.4,0.29999999999999716,3.7333333333332774,NA,NA,0,-0,0,0
2008-07-01,73.3,Portugal,0,7.7,3.1333333333333333,-7.7,4.768666666666666,50.86666666666666,GIIPS,2008,3,2008Q3,Pre-Crisis,0,0,1,4.25,73.1,-0.8,0.6,0.20000000000000284,6.699999999999932,NA,NA,0,-0,0,0
2008-07-01,36.3,Spain,-0.6,11.3,4.933333333333334,-0.9,4.642333333333333,38.23333333333334,GIIPS,2008,3,2008Q3,Pre-Crisis,0,0,1,4.25,35.4,-6.7,0.6,0.8999999999999986,12.466666666666626,NA,NA,0,-0,0,0
2008-10-01,69.5,Austria,-1.2,4.1,2.2666666666666666,-0.6,4.1404000000000005,64.37333333333339,Core,2008,4,2008Q4,Pre-Crisis,0,0,0,2.5,67.2,-1.2,1.2,2.299999999999997,33.0433333333334,67.825,1.275,0,-0,0,0
2008-10-01,69.8,France,-2.2,7.9,2.033333333333333,-3.7,3.9,40.33333333333333,Core,2008,4,2008Q4,Pre-Crisis,0,0,0,2.5,67.8,-4.7,-0.2,2,17.999999999999968,67.97500000000001,-0.050000000000000044,0,-0,0,0
2008-10-01,65.2,Germany,-2.2,7.1,1.7,-0.6,3.4966666666666666,0,Core,2008,4,2008Q4,Pre-Crisis,0,0,0,2.5,64.3,-0.9,-0.3,0.9000000000000057,0,64.575,-0.2,0,-0,0,0
2008-10-01,110.9,Greece,-1.3,7.8,3.066666666666667,-10.3,5.213333333333333,171.66666666666663,GIIPS,2008,4,2008Q4,Pre-Crisis,0,0,1,2.5,108,-6.2,0.5,2.9000000000000057,98.99999999999997,107.725,0.7750000000000001,0,-0,0,0
2008-10-01,42.5,Ireland,-4.8,7.5,2.0666666666666664,-5.6,4.56,106.3333333333333,GIIPS,2008,4,2008Q4,Pre-Crisis,0,0,1,2.5,37.1,-9.1,-3.1,5.399999999999999,63.33333333333333,34.25,-2.525,0,-0,0,0
2008-10-01,105.8,Italy,-3.5,7,2.933333333333333,0.5,4.664000000000001,116.7333333333334,GIIPS,2008,4,2008Q4,Pre-Crisis,0,0,1,2.5,104.4,-1.2,-1.7,1.3999999999999915,52.30000000000001,105.25000000000001,-1.45,0,0,0,0
2008-10-01,54.3,Netherlands,-1.1,2.8,2.033333333333333,1.9,3.9459999999999997,44.933333333333316,Core,2008,4,2008Q4,Pre-Crisis,0,0,0,2.5,43.9,-1.5,1.5,10.399999999999999,23,46.375,1.525,0,0,0,0
2008-10-01,75.5,Portugal,-1.4,7.9,1.5666666666666669,-5.3,4.3036666666666665,80.69999999999999,GIIPS,2008,4,2008Q4,Pre-Crisis,0,0,1,2.5,73.3,-7.7,0,2.200000000000003,29.83333333333333,73.325,0.09999999999999998,0,-0,0,0
2008-10-01,39.6,Spain,-1.9,13.8,2.466666666666667,-10.1,4.156666666666666,65.99999999999997,GIIPS,2008,4,2008Q4,Pre-Crisis,0,0,1,2.5,36.3,-0.9,-0.6,3.3000000000000043,27.76666666666663,36.55,0,0,-0,0,0
2009-01-01,73.2,Austria,-4.6,4.6,1.0333333333333332,-5.4,4.122966666666667,104.96333333333334,Core,2009,1,2009Q1,Crisis,1,0,0,1.5,69.5,-0.6,-1.2,3.700000000000003,40.58999999999995,69.25,-0.5249999999999999,73.2,-5.4,0,0
2009-01-01,74.7,France,-4,8.6,0.7333333333333334,-9,3.6433333333333335,57.00000000000003,Core,2009,1,2009Q1,Crisis,1,0,0,1.5,69.8,-3.7,-2.2,4.900000000000006,16.6666666666667,69.9,-1.45,74.7,-9,0,0
2009-01-01,67.2,Germany,-4.5,7.4,0.8,-1.7,3.0733333333333333,0,Core,2009,1,2009Q1,Crisis,1,0,0,1.5,65.2,-0.6,-2.2,2,0,65.375,-1.875,67.2,-1.7,0,0
2009-01-01,119.2,Greece,-3.4,8.9,1.7666666666666666,-16,5.656666666666667,258.33333333333337,GIIPS,2009,1,2009Q1,Crisis,1,0,1,1.5,110.9,-10.3,-1.3,8.299999999999997,86.66666666666674,111.175,-0.6499999999999997,119.2,-16,0,0
2009-01-01,49.1,Ireland,-7,9.5,0.16666666666666663,-11.3,5.536666666666667,246.33333333333337,GIIPS,2009,1,2009Q1,Crisis,1,0,1,1.5,42.5,-5.6,-4.8,6.600000000000001,140.00000000000006,39.925,-4.3,49.1,-11.3,0,0
2009-01-01,111.8,Italy,-6.5,7.4,1.3666666666666667,-11.4,4.538333333333333,146.5,GIIPS,2009,1,2009Q1,Crisis,1,0,1,1.5,105.8,0.5,-3.5,6,29.766666666666595,106.775,-3.075,111.8,-11.4,0,0
2009-01-01,57.1,Netherlands,-4.1,3.1,1.8,-2.4,3.739333333333333,66.6,Core,2009,1,2009Q1,Crisis,1,0,0,1.5,54.3,1.9,-1.1,2.8000000000000043,21.66666666666668,49.725,-0.32499999999999996,57.1,-2.4,0,0
2009-01-01,78.7,Portugal,-3.7,8.7,-0.13333333333333333,-7.9,4.502666666666667,142.9333333333334,GIIPS,2009,1,2009Q1,Crisis,1,0,1,1.5,75.5,-5.3,-1.4,3.200000000000003,62.233333333333405,75.15,-1.125,78.7,-7.9,0,0
2009-01-01,43,Spain,-3.8,16.5,0.4666666666666667,-6.1,4.147333333333333,107.39999999999998,GIIPS,2009,1,2009Q1,Crisis,1,0,1,1.5,39.6,-10.1,-1.9,3.3999999999999986,41.400000000000006,38.574999999999996,-1.4249999999999998,43,-6.1,0,0
2009-04-01,75.4,Austria,-5,4.8,0.1,-4.7,4.156033333333333,83.27,Core,2009,2,2009Q2,Crisis,1,0,0,1,73.2,-5.4,-4.6,2.200000000000003,-21.693333333333342,71.325,-2.4,75.4,-4.7,0,0
2009-04-01,80,France,-3.9,9.1,-0.26666666666666666,-5.4,3.7866666666666666,46.333333333333336,Core,2009,2,2009Q2,Crisis,1,0,0,1,74.7,-9,-4,5.299999999999997,-10.666666666666693,73.075,-2.575,80,-5.4,0,0
2009-04-01,70.8,Germany,-7.9,7.7,0.2,-1.5,3.3233333333333333,0,Core,2009,2,2009Q2,Crisis,1,0,0,1,67.2,-1.7,-4.5,3.5999999999999943,0,66.875,-3.725,70.8,-1.5,0,0
2009-04-01,123.7,Greece,-4.2,9.2,0.8333333333333334,-15.3,5.39,206.66666666666663,GIIPS,2009,2,2009Q2,Crisis,1,0,1,1,119.2,-16,-3.4,4.5,-51.66666666666674,115.45,-2.0999999999999996,123.7,-15.3,0,0
2009-04-01,56.8,Ireland,-7.2,11.2,-1.5333333333333334,-18.7,5.446666666666666,212.33333333333331,GIIPS,2009,2,2009Q2,Crisis,1,0,1,1,49.1,-11.3,-7,7.699999999999996,-34.00000000000006,46.375,-5.525,56.8,-18.7,0,0
2009-04-01,114.2,Italy,-6.4,7.7,0.8333333333333334,-3.4,4.459,113.56666666666663,GIIPS,2009,2,2009Q2,Crisis,1,0,1,1,111.8,-11.4,-6.5,2.4000000000000057,-32.933333333333366,109.05000000000001,-4.525,114.2,-3.4,0,0
2009-04-01,56.3,Netherlands,-4.8,3.4,1.5666666666666669,-5.9,3.86,53.666666666666664,Core,2009,2,2009Q2,Crisis,1,0,0,1,57.1,-2.4,-4.1,-0.8000000000000043,-12.93333333333333,52.9,-2.125,56.3,-5.9,0,0
2009-04-01,84,Portugal,-3.4,9.3,-1.1333333333333333,-11.7,4.439333333333334,111.60000000000005,GIIPS,2009,2,2009Q2,Crisis,1,0,1,1,78.7,-7.9,-3.7,5.299999999999997,-31.333333333333343,77.875,-2.125,84,-11.7,0,0
2009-04-01,46.9,Spain,-4.4,17.9,-0.7000000000000001,-16.3,4.104666666666667,78.13333333333334,GIIPS,2009,2,2009Q2,Crisis,1,0,1,1,43,-6.1,-3.8,3.8999999999999986,-29.266666666666637,41.449999999999996,-2.675,46.9,-16.3,0,0
2009-07-01,74.5,Austria,-3.8,5,-0.06666666666666668,-5.8,3.8507,54.73666666666666,Core,2009,3,2009Q3,Crisis,1,0,0,1,75.4,-4.7,-5,-0.9000000000000057,-28.53333333333334,73.15,-3.65,74.5,-5.8,0,0
2009-07-01,82.6,France,-3.1,9.2,-0.4666666666666667,-9.5,3.6366666666666667,33.33333333333335,Core,2009,3,2009Q3,Crisis,1,0,0,1,80,-5.4,-3.9,2.5999999999999943,-12.999999999999986,76.775,-3.3000000000000003,82.6,-9.5,0,0
2009-07-01,71.7,Germany,-5.9,7.7,-0.36666666666666664,-5.1,3.3033333333333332,0,Core,2009,3,2009Q3,Crisis,1,0,0,1,70.8,-1.5,-7.9,0.9000000000000057,0,68.725,-5.125,71.7,-5.1,0,0
2009-07-01,126.6,Greece,-4.2,9.7,0.7999999999999999,-13.8,5.023333333333333,172.00000000000003,GIIPS,2009,3,2009Q3,Crisis,1,0,1,1,123.7,-15.3,-4.2,2.8999999999999915,-34.6666666666666,120.1,-3.2749999999999995,126.6,-13.8,0,0
2009-07-01,59.4,Ireland,-6.8,12,-2.6,-15.7,5.093333333333334,179.00000000000006,GIIPS,2009,3,2009Q3,Crisis,1,0,1,1,56.8,-18.7,-7.2,2.6000000000000014,-33.33333333333326,51.95,-6.45,59.4,-15.7,0,0
2009-07-01,117.4,Italy,-5,7.9,0.1,-3.8,4.192333333333333,88.89999999999998,GIIPS,2009,3,2009Q3,Crisis,1,0,1,1,114.2,-3.4,-6.4,3.200000000000003,-24.666666666666657,112.30000000000001,-5.3500000000000005,117.4,-3.8,0,0
2009-07-01,56.8,Netherlands,-3.8,3.7,-0.06666666666666667,-7.7,3.651,34.76666666666666,Core,2009,3,2009Q3,Crisis,1,0,0,1,56.3,-5.9,-4.8,0.5,-18.900000000000006,56.125,-3.45,56.8,-7.7,0,0
2009-07-01,84,Portugal,-2.7,9.8,-1.5,-5.9,4.045,74.16666666666667,GIIPS,2009,3,2009Q3,Crisis,1,0,1,1,84,-11.7,-3.4,0,-37.43333333333338,80.55,-2.8,84,-5.9,0,0
2009-07-01,49.4,Spain,-4.1,18,-0.9666666666666668,-7.4,3.8706666666666667,56.73333333333335,GIIPS,2009,3,2009Q3,Crisis,1,0,1,1,46.9,-16.3,-4.4,2.5,-21.39999999999999,44.724999999999994,-3.55,49.4,-7.4,0,0
2009-10-01,80.8,Austria,-1.4,5,0.6,-5.6,3.620833333333333,43.083333333333314,Core,2009,4,2009Q4,Crisis,1,0,0,1,74.5,-5.8,-3.8,6.299999999999997,-11.653333333333343,75.97500000000001,-3.6999999999999997,80.8,-5.6,0,0
2009-10-01,84.1,France,-1.3,9.5,0.43333333333333335,-5.8,3.533333333333333,34.33333333333333,Core,2009,4,2009Q4,Crisis,1,0,0,1,82.6,-9.5,-3.1,1.5,0.9999999999999787,80.35000000000001,-3.075,84.1,-5.8,0,0
2009-10-01,72.4,Germany,-2.2,7.5,0.36666666666666664,-4.3,3.19,0,Core,2009,4,2009Q4,Crisis,1,0,0,1,71.7,-5.1,-5.9,0.7000000000000028,0,70.52499999999999,-5.125,72.4,-4.3,0,0
2009-10-01,128.5,Greece,-3.5,10.5,1.9333333333333331,-16.6,5.07,188.00000000000003,GIIPS,2009,4,2009Q4,Crisis,1,0,1,1,126.6,-13.8,-4.2,1.9000000000000057,16,124.5,-3.8249999999999993,128.5,-16.6,0,0
2009-10-01,61.8,Ireland,-5,12.3,-2.7666666666666666,-9.6,4.823333333333333,163.33333333333334,GIIPS,2009,4,2009Q4,Crisis,1,0,1,1,59.4,-15.7,-6.8,2.3999999999999986,-15.666666666666714,56.775000000000006,-6.5,61.8,-9.6,0,0
2009-10-01,116.1,Italy,-3.1,8.2,0.7666666666666667,-2.2,4.055,86.49999999999997,GIIPS,2009,4,2009Q4,Crisis,1,0,1,1,117.4,-3.8,-5,-1.3000000000000114,-2.4000000000000057,114.87500000000001,-5.250000000000001,116.1,-2.2,0,0
2009-10-01,56.3,Netherlands,-2.1,4,0.6,-4.3,3.497,30.699999999999996,Core,2009,4,2009Q4,Crisis,1,0,0,1,56.8,-7.7,-3.8,-0.5,-4.066666666666663,56.625,-3.7,56.3,-4.3,0,0
2009-10-01,87.6,Portugal,-1.2,10.3,-0.8333333333333334,-13.8,3.853666666666667,66.36666666666669,GIIPS,2009,4,2009Q4,Crisis,1,0,1,1,84,-5.9,-2.7,3.5999999999999943,-7.799999999999983,83.57499999999999,-2.75,87.6,-13.8,0,0
2009-10-01,53.1,Spain,-2.9,18.8,0.23333333333333336,-14.6,3.791,60.099999999999994,GIIPS,2009,4,2009Q4,Crisis,1,0,1,1,49.4,-7.4,-4.1,3.700000000000003,3.366666666666646,48.099999999999994,-3.8,53.1,-14.6,0,0
2010-01-01,81.3,Austria,0.7,4.7,1.3,-7.7,3.6494,47.273333333333326,Core,2010,1,2010Q1,Crisis,1,0,0,1,80.8,-5.6,-1.4,0.5,4.190000000000012,78,-2.375,81.3,-7.7,0,0
2010-01-01,86,France,0.9,9.4,1.4333333333333331,-9.2,3.486666666666667,31.000000000000007,Core,2010,1,2010Q1,Crisis,1,0,0,1,84.1,-5.8,-1.3,1.9000000000000057,-3.3333333333333215,83.17500000000001,-1.85,86,-9.2,0,0
2010-01-01,72.5,Germany,2.5,7.3,0.7666666666666666,-5.1,3.1766666666666667,0,Core,2010,1,2010Q1,Crisis,1,0,0,1,72.4,-4.3,-2.2,0.09999999999999432,0,71.85,-3.375,72.5,-5.1,0,0
2010-01-01,132.1,Greece,-3.7,11.7,3.033333333333333,-16.2,6.293333333333333,311.66666666666663,GIIPS,2010,1,2010Q1,Crisis,1,0,1,1,128.5,-16.6,-3.5,3.5999999999999943,123.6666666666666,127.725,-3.8999999999999995,132.1,-16.2,0,0
2010-01-01,74.1,Ireland,-2,13,-2.433333333333333,-39.7,4.696666666666667,152.00000000000006,GIIPS,2010,1,2010Q1,Crisis,1,0,1,1,61.8,-9.6,-5,12.299999999999997,-11.333333333333286,63.025000000000006,-5.25,74.1,-39.7,0,0
2010-01-01,118.2,Italy,0,8.4,1.2333333333333334,-10.8,4.023333333333333,84.66666666666667,GIIPS,2010,1,2010Q1,Crisis,1,0,1,1,116.1,-2.2,-3.1,2.1000000000000085,-1.8333333333333002,116.47500000000002,-3.625000000000001,118.2,-10.8,0,0
2010-01-01,57.2,Netherlands,0.3,4.4,0.5,-3.9,3.397,22.033333333333303,Core,2010,1,2010Q1,Crisis,1,0,0,1,56.3,-4.3,-2.1,0.9000000000000057,-8.666666666666693,56.65,-2.6000000000000005,57.2,-3.9,0,0
2010-01-01,90.1,Portugal,1.3,10.8,0.3,-8.3,4.348,117.13333333333331,GIIPS,2010,1,2010Q1,Crisis,1,0,1,1,87.6,-13.8,-1.2,2.5,50.76666666666662,86.42499999999998,-1.5,90.1,-8.3,0,0
2010-01-01,54.7,Spain,-1.3,19.8,1.2666666666666668,-7.1,3.9346666666666668,75.8,GIIPS,2010,1,2010Q1,Crisis,1,0,1,1,53.1,-14.6,-2.9,1.6000000000000014,15.700000000000003,51.02499999999999,-3.175,54.7,-7.1,0,0
2010-04-01,84.1,Austria,2.3,4.4,1.7666666666666666,-3.6,3.2869333333333333,51.02666666666664,Core,2010,2,2010Q2,Crisis,1,0,0,1,81.3,-7.7,0.7,2.799999999999997,3.753333333333316,80.175,-0.55,84.1,-3.6,0,0
2010-04-01,88.2,France,2.1,9.3,1.8333333333333333,-6.8,3.183333333333333,40.66666666666663,Core,2010,2,2010Q2,Crisis,1,0,0,1,86,-9.2,0.9,2.200000000000003,9.666666666666622,85.22500000000001,-0.3500000000000001,88.2,-6.8,0,0
2010-04-01,73.2,Germany,4.6,7,1.0333333333333332,-2,2.776666666666667,0,Core,2010,2,2010Q2,Crisis,1,0,0,1,72.5,-5.1,2.5,0.7000000000000028,0,72.44999999999999,-0.25,73.2,-2,0,0
2010-04-01,135.6,Greece,-5.9,12.2,5.1,-10.4,8.6,582.3333333333333,GIIPS,2010,2,2010Q2,Crisis,1,0,1,1,132.1,-16.2,-3.7,3.5,270.66666666666663,130.7,-4.324999999999999,135.6,-10.4,1,110
2010-04-01,74.4,Ireland,0.8,13.6,-2.1,-15.2,4.976666666666667,219.99999999999997,GIIPS,2010,2,2010Q2,Crisis,1,0,1,1,74.1,-39.7,-2,0.30000000000001137,67.99999999999991,67.42500000000001,-3.25,74.4,-15.2,0,0
2010-04-01,119,Italy,1.9,8.5,1.5666666666666669,-3.1,4.027666666666667,125.1,GIIPS,2010,2,2010Q2,Crisis,1,0,1,1,118.2,-10.8,0,0.7999999999999972,40.43333333333332,117.67500000000003,-1.5500000000000007,119,-3.1,0,0
2010-04-01,58.8,Netherlands,2.1,4.4,0.43333333333333335,-6.6,3.0793333333333335,30.266666666666666,Core,2010,2,2010Q2,Crisis,1,0,0,1,57.2,-3.9,0.3,1.5999999999999943,8.233333333333363,57.275,-0.8750000000000004,58.8,-6.6,0,0
2010-04-01,93.6,Portugal,2,11,0.9666666666666668,-11.5,5.114,233.7333333333333,GIIPS,2010,2,2010Q2,Crisis,1,0,1,1,90.1,-8.3,1.3,3.5,116.59999999999998,88.82499999999999,-0.1499999999999999,93.6,-11.5,0,0
2010-04-01,56.7,Spain,0,19.9,2.3333333333333335,-13,4.180666666666667,140.40000000000003,GIIPS,2010,2,2010Q2,Crisis,1,0,1,1,54.7,-7.1,-1.3,2,64.60000000000004,53.474999999999994,-2.0749999999999997,56.7,-13,0,0
2010-07-01,84.3,Austria,2.4,4.3,1.6666666666666667,-5,2.8803,45.69666666666667,Core,2010,3,2010Q3,Crisis,1,0,0,1,84.1,-3.6,2.3,0.20000000000000284,-5.32999999999997,82.625,0.9999999999999998,84.3,-5,0,0
2010-07-01,86.3,France,2,9.3,1.7666666666666666,-8.8,2.7833333333333337,36.00000000000003,Core,2010,3,2010Q3,Crisis,1,0,0,1,88.2,-6.8,2.1,-1.9000000000000057,-4.6666666666666,86.15,0.9249999999999998,86.3,-8.8,0,0
2010-07-01,73.3,Germany,4.3,6.8,1.1333333333333333,-8.7,2.4233333333333333,0,Core,2010,3,2010Q3,Crisis,1,0,0,1,73.2,-2,4.6,0.09999999999999432,0,72.85,2.3,73.3,-8.7,0,0
2010-07-01,143.3,Greece,-6,12.9,5.6,-9.7,10.393333333333333,796.9999999999999,GIIPS,2010,3,2010Q3,Crisis,1,0,1,1,135.6,-10.4,-5.9,7.700000000000017,214.66666666666663,134.875,-4.7749999999999995,143.3,-9.7,1,110
2010-07-01,83.6,Ireland,1.7,13.8,-1.1666666666666667,-32.1,5.586666666666667,316.33333333333337,GIIPS,2010,3,2010Q3,Crisis,1,0,1,1,74.4,-15.2,0.8,9.199999999999989,96.3333333333334,73.47500000000001,-1.125,83.6,-32.1,0,0
2010-07-01,119.6,Italy,2,8.3,1.7,-2.8,3.8966666666666665,147.33333333333331,GIIPS,2010,3,2010Q3,Crisis,1,0,1,1,119,-3.1,1.9,0.5999999999999943,22.23333333333332,118.22500000000002,0.1999999999999993,119.6,-2.8,0,0
2010-07-01,58.7,Netherlands,2.4,4.4,1.3,-8.3,2.645,22.166666666666668,Core,2010,3,2010Q3,Crisis,1,0,0,1,58.8,-6.6,2.1,-0.09999999999999432,-8.099999999999998,57.75,0.6749999999999994,58.7,-8.3,0,0
2010-07-01,97.4,Portugal,1.9,11.2,1.9666666666666663,-6.5,5.625333333333334,320.20000000000005,GIIPS,2010,3,2010Q3,Crisis,1,0,1,1,93.6,-11.5,2,3.8000000000000114,86.46666666666675,92.17499999999998,1,97.4,-6.5,0,0
2010-07-01,57.7,Spain,0.2,20,2.0666666666666664,-4.8,4.1883333333333335,176.5,GIIPS,2010,3,2010Q3,Crisis,1,0,1,1,56.7,-13,0,1,36.099999999999966,55.55,-0.9999999999999998,57.7,-4.8,0,0
2010-10-01,83.7,Austria,2.5,4.3,2,-2,3.0889,49.22333333333335,Core,2010,4,2010Q4,Crisis,1,0,0,1,84.3,-5,2.4,-0.5999999999999943,3.526666666666678,83.35,1.9749999999999996,83.7,-2,0,0
2010-10-01,86.3,France,2,9.3,1.8666666666666667,-4,3.02,42.333333333333336,Core,2010,4,2010Q4,Crisis,1,0,0,1,86.3,-8.8,2,0,6.333333333333307,86.7,1.7499999999999998,86.3,-4,0,0
2010-10-01,81,Germany,4.1,6.6,1.5333333333333334,-1.9,2.5966666666666667,0,Core,2010,4,2010Q4,Crisis,1,0,0,1,73.3,-8.7,4.3,7.700000000000003,0,75,3.875,81,-1.9,0,0
2010-10-01,147.8,Greece,-7.9,14,5.066666666666666,-9.6,11.073333333333332,847.6666666666666,GIIPS,2010,4,2010Q4,Crisis,1,0,1,1,143.3,-9.7,-6,4.5,50.66666666666674,139.7,-5.875,147.8,-9.6,1,110
2010-10-01,86.2,Ireland,2.3,14.2,-0.6,-41.6,7.696666666666666,509.99999999999994,GIIPS,2010,4,2010Q4,Crisis,1,0,1,1,83.6,-32.1,1.7,2.6000000000000085,193.66666666666657,79.57500000000002,0.7,86.2,-41.6,1,67.5
2010-10-01,118.8,Italy,2.2,8.3,1.9666666666666668,-0.7,4.195666666666667,159.90000000000003,GIIPS,2010,4,2010Q4,Crisis,1,0,1,1,119.6,-2.8,2,-0.7999999999999972,12.56666666666672,118.90000000000002,1.5249999999999995,118.8,-0.7,0,0
2010-10-01,58.9,Netherlands,2.1,4.4,1.5333333333333332,-2.4,2.839,24.233333333333327,Core,2010,4,2010Q4,Crisis,1,0,0,1,58.7,-8.3,2.4,0.19999999999999574,2.0666666666666593,58.4,1.7249999999999994,58.9,-2.4,0,0
2010-10-01,99.9,Portugal,1.5,11.8,2.3,-19.1,6.496,389.9333333333334,GIIPS,2010,4,2010Q4,Crisis,1,0,1,1,97.4,-6.5,1.9,2.5,69.73333333333335,95.24999999999999,1.675,99.9,-19.1,0,0
2010-10-01,60.3,Spain,0.6,20.2,2.5666666666666664,-12.7,4.701666666666667,210.50000000000006,GIIPS,2010,4,2010Q4,Crisis,1,0,1,1,57.7,-4.8,0.2,2.5999999999999943,34.00000000000006,57.349999999999994,-0.12499999999999978,60.3,-12.7,0,0
2011-01-01,83.2,Austria,3.5,4.3,3,-4.5,3.6330333333333336,48.97,Core,2011,1,2011Q1,Crisis,1,0,0,1,83.7,-2,2.5,-0.5,-0.2533333333333516,83.82499999999999,2.675,83.2,-4.5,0,0
2011-01-01,87.5,France,2.5,9.2,2,-7.2,3.55,40.66666666666663,Core,2011,1,2011Q1,Crisis,1,0,0,1,86.3,-4,2,1.2000000000000028,-1.666666666666707,87.075,2.15,87.5,-7.2,0,0
2011-01-01,79.8,Germany,4.6,6.3,2.2333333333333334,-1.8,3.1433333333333335,0,Core,2011,1,2011Q1,Crisis,1,0,0,1,81,-1.9,4.1,-1.2000000000000028,0,76.825,4.4,79.8,-1.8,0,0
2011-01-01,157.1,Greece,-8.9,15.3,4.433333333333334,-8.9,11.923333333333334,878.0000000000001,GIIPS,2011,1,2011Q1,Crisis,1,0,1,1,147.8,-9.6,-7.9,9.299999999999983,30.333333333333485,145.95,-7.175,157.1,-8.9,1,110
2011-01-01,92.6,Ireland,2.8,14.5,0.8,-10.4,9.173333333333334,603,GIIPS,2011,1,2011Q1,Crisis,1,0,1,1,86.2,-41.6,2.3,6.3999999999999915,93.00000000000006,84.20000000000002,1.9,92.6,-10.4,1,67.5
2011-01-01,119,Italy,1.5,8.2,2.3333333333333335,-9,4.78,163.66666666666669,GIIPS,2011,1,2011Q1,Crisis,1,0,1,1,118.8,-0.7,2.2,0.20000000000000284,3.7666666666666515,119.10000000000002,1.8999999999999995,119,-9,0,0
2011-01-01,59.1,Netherlands,2,4.3,1.9,-1.5,3.353,20.96666666666667,Core,2011,1,2011Q1,Crisis,1,0,0,1,58.9,-2.4,2.1,0.20000000000000284,-3.2666666666666586,58.875,2.1499999999999995,59.1,-1.5,0,0
2011-01-01,101.1,Portugal,0,12.2,3.6666666666666665,-6.9,7.359,421.56666666666666,GIIPS,2011,1,2011Q1,Crisis,1,0,1,1,99.9,-19.1,1.5,1.1999999999999886,31.63333333333327,97.99999999999999,1.35,101.1,-6.9,0,0
2011-01-01,64.1,Spain,0.5,20.6,3.2333333333333334,-6.1,5.298333333333333,215.49999999999994,GIIPS,2011,1,2011Q1,Crisis,1,0,1,1,60.3,-12.7,0.6,3.799999999999997,4.999999999999886,59.69999999999999,0.32500000000000023,64.1,-6.1,0,0
2011-04-01,83.1,Austria,3,4.2,3.7,-2.1,3.5752333333333333,47.856666666666655,Core,2011,2,2011Q2,Crisis,1,0,0,1.25,83.2,-4.5,3.5,-0.10000000000000853,-1.113333333333344,83.57499999999999,2.8499999999999996,83.1,-2.1,0,0
2011-04-01,89,France,2.2,9.1,2.2333333333333334,-5.4,3.5366666666666666,43.99999999999999,Core,2011,2,2011Q2,Crisis,1,0,0,1.25,87.5,-7.2,2.5,1.5,3.333333333333364,87.275,2.175,89,-5.4,0,0
2011-04-01,79.3,Germany,3.2,6,2.533333333333333,0.8,3.0966666666666667,0,Core,2011,2,2011Q2,Crisis,1,0,0,1.25,79.8,-1.8,4.6,-0.5,0,78.35,4.050000000000001,79.3,0.8,0,0
2011-04-01,160.1,Greece,-8,16.8,3.3000000000000003,-14,15.136666666666667,1204,GIIPS,2011,2,2011Q2,Crisis,1,0,1,1.25,157.1,-8.9,-8.9,3,325.9999999999999,152.075,-7.699999999999999,160.1,-14,1,110
2011-04-01,93.1,Ireland,2,14.6,1.2666666666666666,-9,10.62,752.3333333333333,GIIPS,2011,2,2011Q2,Crisis,1,0,1,1.25,92.6,-10.4,2.8,0.5,149.33333333333326,88.87500000000001,2.1999999999999997,93.1,-9,1,67.5
2011-04-01,120.3,Italy,1,8,2.966666666666667,-2.9,4.804333333333333,170.76666666666665,GIIPS,2011,2,2011Q2,Crisis,1,0,1,1.25,119,-9,1.5,1.2999999999999972,7.099999999999966,119.42500000000003,1.6749999999999994,120.3,-2.9,0,0
2011-04-01,60,Netherlands,1.6,4.3,2.2333333333333334,-6.7,3.4443333333333332,34.76666666666666,Core,2011,2,2011Q2,Crisis,1,0,0,1.25,59.1,-1.5,2,0.8999999999999986,13.79999999999999,59.175,2.0249999999999995,60,-6.7,0,0
2011-04-01,112.4,Portugal,-1.3,12.3,3.6666666666666665,-9.7,9.894666666666666,679.8,GIIPS,2011,2,2011Q2,Crisis,1,0,1,1.25,101.1,-6.9,0,11.300000000000011,258.2333333333333,102.69999999999999,0.5250000000000001,112.4,-9.7,1,78
2011-04-01,66,Spain,0.3,21,3.3,-12.4,5.378666666666667,228.2,GIIPS,2011,2,2011Q2,Crisis,1,0,1,1.25,64.1,-6.1,0.5,1.9000000000000057,12.700000000000045,62.02499999999999,0.40000000000000024,66,-12.4,0,0
2011-07-01,82.7,Austria,2.5,4.1,3.8,-0.7,2.9443333333333332,68.43333333333331,Core,2011,3,2011Q3,Crisis,1,0,0,1.5,83.1,-2.1,3,-0.3999999999999915,20.576666666666654,83.17499999999998,2.8749999999999996,82.7,-0.7,0,0
2011-07-01,88.2,France,1.8,9.2,2.3,-6.4,3.006666666666667,74.66666666666666,Core,2011,3,2011Q3,Crisis,1,0,0,1.5,89,-5.4,2.2,-0.7999999999999972,30.666666666666664,87.75,2.125,88.2,-6.4,0,0
2011-07-01,79,Germany,2.8,5.8,2.6333333333333333,-1.9,2.2600000000000002,0,Core,2011,3,2011Q3,Crisis,1,0,0,1.5,79.3,0.8,3.2,-0.29999999999999716,0,79.77499999999999,3.6750000000000007,79,-1.9,0,0
2011-07-01,166.1,Greece,-7.3,18.4,2.1333333333333333,-10.8,18.143333333333334,1588.3333333333335,GIIPS,2011,3,2011Q3,Crisis,1,0,1,1.5,160.1,-14,-8,6,384.3333333333335,157.77499999999998,-8.024999999999999,166.1,-10.8,1,110
2011-07-01,109.4,Ireland,1.5,14.8,1.1333333333333333,-26,10.176666666666666,791.6666666666666,GIIPS,2011,3,2011Q3,Crisis,1,0,1,1.5,93.1,-9,2,16.30000000000001,39.33333333333337,95.32500000000002,2.15,109.4,-26,1,67.5
2011-07-01,118.5,Italy,0.5,8.1,2.7,-1.9,5.493333333333333,323.3333333333333,GIIPS,2011,3,2011Q3,Crisis,1,0,1,1.5,120.3,-2.9,1,-1.7999999999999972,152.56666666666666,119.15000000000003,1.2999999999999994,118.5,-1.9,0,0
2011-07-01,60.6,Netherlands,1,4.4,3.1333333333333333,-5.9,2.7283333333333335,46.83333333333333,Core,2011,3,2011Q3,Crisis,1,0,0,1.5,60,-6.7,1.6,0.6000000000000014,12.06666666666667,59.65,1.6749999999999994,60.6,-5.9,0,0
2011-07-01,116.3,Portugal,-2.7,12.5,3.1,-3.1,11.474333333333332,921.4333333333333,GIIPS,2011,3,2011Q3,Crisis,1,0,1,1.5,112.4,-9.7,-1.3,3.8999999999999915,241.63333333333333,107.42499999999998,-0.6249999999999998,116.3,-3.1,1,78
2011-07-01,66.4,Spain,0,21.5,2.9,-4.9,5.425666666666666,316.5666666666666,GIIPS,2011,3,2011Q3,Crisis,1,0,1,1.5,66,-12.4,0.3,0.4000000000000057,88.36666666666662,64.19999999999999,0.35000000000000026,66.4,-4.9,0,0
2011-10-01,83.4,Austria,1.8,4.2,3.6666666666666665,-2.7,3.1260333333333334,119.27000000000001,Core,2011,4,2011Q4,Crisis,1,0,0,1,82.7,-0.7,2.5,0.7000000000000028,50.8366666666667,83.09999999999998,2.6999999999999997,83.4,-2.7,0,0
2011-10-01,88.7,France,1.3,9.4,2.6333333333333333,-2.3,3.186666666666667,125.33333333333336,Core,2011,4,2011Q4,Crisis,1,0,0,1,88.2,-6.4,1.8,0.5,50.6666666666667,88.35,1.95,88.7,-2.3,0,0
2011-10-01,78.5,Germany,2,5.6,2.566666666666667,-0.5,1.9333333333333333,0,Core,2011,4,2011Q4,Crisis,1,0,0,1,79,-1.9,2.8,-0.5,0,79.14999999999999,3.150000000000001,78.5,-0.5,0,0
2011-10-01,175.1,Greece,-8.4,20.7,2.6333333333333333,-8.1,27.56,2562.6666666666665,GIIPS,2011,4,2011Q4,Crisis,1,0,1,1,166.1,-10.8,-7.3,9,974.333333333333,164.59999999999997,-8.149999999999999,175.1,-8.1,1,110
2011-10-01,109.6,Ireland,1.3,14.9,1.6333333333333333,-8.3,8.436666666666666,650.3333333333333,GIIPS,2011,4,2011Q4,Crisis,1,0,1,1,109.4,-26,1.5,0.19999999999998863,-141.33333333333337,101.17500000000001,1.9,109.6,-8.3,1,67.5
2011-10-01,119.1,Italy,-0.5,8.9,3.7,-0.8,6.613666666666667,468.03333333333336,GIIPS,2011,4,2011Q4,Crisis,1,0,1,1,118.5,-1.9,0.5,0.5999999999999943,144.70000000000005,119.22500000000004,0.6249999999999993,119.1,-0.8,0,0
2011-10-01,61.2,Netherlands,-0.2,4.6,2.6333333333333333,-3.6,2.4286666666666665,49.53333333333332,Core,2011,4,2011Q4,Crisis,1,0,0,1,60.6,-5.9,1,0.6000000000000014,2.6999999999999886,60.225,1.0999999999999992,61.2,-3.6,0,0
2011-10-01,114,Portugal,-3.2,13.4,3.7666666666666666,-11.1,12.229,1029.5666666666666,GIIPS,2011,4,2011Q4,Crisis,1,0,1,1,116.3,-3.1,-2.7,-2.299999999999997,108.13333333333333,110.94999999999999,-1.7999999999999998,114,-11.1,1,78
2011-10-01,69.5,Spain,-0.6,22.7,2.7333333333333334,-15,5.660333333333333,372.69999999999993,GIIPS,2011,4,2011Q4,Crisis,1,0,1,1,66.4,-4.9,0,3.0999999999999943,56.133333333333326,66.49999999999999,0.050000000000000266,69.5,-15,0,0
2012-01-01,84.3,Austria,1.2,4.4,2.7,-5,3.0464,121.30666666666667,Core,2012,1,2012Q1,Crisis,1,0,0,1,83.4,-2.7,1.8,0.8999999999999915,2.0366666666666617,83.37499999999997,2.125,84.3,-5,0,0
2012-01-01,91.1,France,0.5,9.8,2.566666666666667,-7,3.0500000000000003,121.66666666666669,Core,2012,1,2012Q1,Crisis,1,0,0,1,88.7,-2.3,1.3,2.3999999999999915,-3.6666666666666714,89.25,1.45,91.1,-7,0,0
2012-01-01,79,Germany,1.2,5.5,2.433333333333333,-0.7,1.8333333333333335,0,Core,2012,1,2012Q1,Crisis,1,0,0,1,78.5,-0.5,2,0.5,0,78.94999999999999,2.3000000000000007,79,-0.7,0,0
2012-01-01,141.4,Greece,-8,22.6,1.7,-9.3,34.82,3298.6666666666665,GIIPS,2012,1,2012Q1,Crisis,1,0,1,1,175.1,-8.1,-8.4,-33.69999999999999,736,160.67499999999995,-7.924999999999999,141.4,-9.3,1,274.5
2012-01-01,111.7,Ireland,-0.1,15,1.6333333333333333,-10.9,7.21,537.6666666666667,GIIPS,2012,1,2012Q1,Crisis,1,0,1,1,109.6,-8.3,1.3,2.1000000000000085,-112.66666666666652,105.95000000000002,1.1749999999999998,111.7,-10.9,1,67.5
2012-01-01,122.3,Italy,-2,10,3.5666666666666664,-9.5,5.710666666666667,387.7333333333333,GIIPS,2012,1,2012Q1,Crisis,1,0,1,1,119.1,-0.8,-0.5,3.200000000000003,-80.30000000000007,120.05000000000004,-0.25000000000000067,122.3,-9.5,0,0
2012-01-01,62,Netherlands,-1,5,2.9,-0.4,2.2273333333333336,39.40000000000001,Core,2012,1,2012Q1,Crisis,1,0,0,1,61.2,-3.6,-0.2,0.7999999999999972,-10.133333333333304,60.95,0.3499999999999992,62,-0.4,0,0
2012-01-01,118.2,Portugal,-3.8,14.8,3.3,-7.3,13.223333333333333,1138.9999999999998,GIIPS,2012,1,2012Q1,Crisis,1,0,1,1,114,-11.1,-3.2,4.200000000000003,109.43333333333317,115.225,-2.75,118.2,-7.3,1,78
2012-01-01,73.6,Spain,-1.1,23.8,1.9,-5.3,5.228,339.46666666666664,GIIPS,2012,1,2012Q1,Crisis,1,0,1,1,69.5,-15,-0.6,4.099999999999994,-33.23333333333329,68.87499999999999,-0.34999999999999976,73.6,-5.3,0,0
2012-04-01,85.3,Austria,0.5,4.4,2.2333333333333334,-2.1,2.5353333333333334,111.53333333333333,Core,2012,2,2012Q2,Crisis,1,0,0,1,84.3,-5,1.2,1,-9.77333333333334,83.92499999999997,1.5,85.3,-2.1,0,0
2012-04-01,92.6,France,0.2,10,2.333333333333333,-5.7,2.77,135,Core,2012,2,2012Q2,Crisis,1,0,0,1,91.1,-7,0.5,1.5,13.333333333333314,90.15,0.95,92.6,-5.7,0,0
2012-04-01,80.4,Germany,1,5.4,2.066666666666667,1.4,1.4200000000000002,0,Core,2012,2,2012Q2,Crisis,1,0,0,1,79,-0.7,1.2,1.4000000000000057,0,79.225,1.7500000000000007,80.4,1.4,0,0
2012-04-01,155.6,Greece,-7.1,23.8,1.1333333333333333,-8.3,25.206666666666667,2378.6666666666665,GIIPS,2012,2,2012Q2,Crisis,1,0,1,1,141.4,-9.3,-8,14.199999999999989,-920,159.54999999999995,-7.699999999999999,155.6,-8.3,1,274.5
2012-04-01,114.2,Ireland,0.3,14.9,1.8,-9,7.03,561,GIIPS,2012,2,2012Q2,Crisis,1,0,1,1,111.7,-10.9,-0.1,2.5,23.333333333333258,111.22500000000002,0.7499999999999998,114.2,-9,1,67.5
2012-04-01,124.5,Italy,-2.6,10.5,3.666666666666667,-3,5.7876666666666665,436.76666666666665,GIIPS,2012,2,2012Q2,Crisis,1,0,1,1,122.3,-9.5,-2,2.200000000000003,49.03333333333336,121.10000000000004,-1.1500000000000008,124.5,-3,0,0
2012-04-01,63.5,Netherlands,-0.8,5.2,2.6,-5.7,2.0593333333333335,63.93333333333333,Core,2012,2,2012Q2,Crisis,1,0,0,1,62,-0.4,-1,1.5,24.533333333333317,61.825,-0.2500000000000009,63.5,-5.7,0,0
2012-04-01,123.4,Portugal,-4.1,15.2,2.7666666666666666,-7.4,11.382666666666667,996.2666666666668,GIIPS,2012,2,2012Q2,Crisis,1,0,1,1,118.2,-7.3,-3.8,5.200000000000003,-142.733333333333,117.975,-3.45,123.4,-7.4,1,78
2012-04-01,77.1,Spain,-1.8,24.6,1.9,-13.4,6.1690000000000005,474.90000000000003,GIIPS,2012,2,2012Q2,Crisis,1,0,1,1,73.6,-5.3,-1.1,3.5,135.4333333333334,71.64999999999998,-0.8749999999999998,77.1,-13.4,0,0
2012-07-01,83.7,Austria,0.6,4.5,2.4,-0.8,2.025666666666667,66.90000000000002,Core,2012,3,2012Q3,Crisis,1,1,0,0.75,85.3,-2.1,0.5,-1.5999999999999943,-44.63333333333331,84.17499999999997,1.025,83.7,-0.8,0,0
2012-07-01,91.3,France,0.3,10.1,2.2666666666666666,-6.6,2.2133333333333334,85.66666666666667,Core,2012,3,2012Q3,Crisis,1,1,0,0.75,92.6,-5.7,0.2,-1.2999999999999972,-49.33333333333333,90.92500000000001,0.575,91.3,-6.6,0,0
2012-07-01,79.9,Germany,0.4,5.4,2.1333333333333333,-0.6,1.3566666666666667,0,Core,2012,3,2012Q3,Crisis,1,1,0,0.75,80.4,1.4,1,-0.5,0,79.44999999999999,1.1500000000000008,79.9,-0.6,0,0
2012-07-01,159,Greece,-6.7,24.8,0.7666666666666667,-13.4,23.016666666666666,2166,GIIPS,2012,3,2012Q3,Crisis,1,1,1,0.75,155.6,-8.3,-7.1,3.4000000000000057,-212.66666666666652,157.77499999999995,-7.549999999999999,159,-13.4,1,164.5
2012-07-01,119.7,Ireland,0.5,14.8,2.3666666666666667,-7.7,5.7700000000000005,441.33333333333337,GIIPS,2012,3,2012Q3,Crisis,1,1,1,0.75,114.2,-9,0.3,5.5,-119.66666666666663,113.80000000000003,0.4999999999999998,119.7,-7.7,1,67.5
2012-07-01,126,Italy,-2.9,10.8,3.466666666666667,-1.5,5.690666666666667,433.40000000000003,GIIPS,2012,3,2012Q3,Crisis,1,1,1,0.75,124.5,-3,-2.6,1.5,-3.3666666666666174,122.97500000000004,-2.000000000000001,126,-1.5,0,0
2012-07-01,64.4,Netherlands,-1.4,5.3,2.566666666666667,-7,1.7826666666666666,42.599999999999994,Core,2012,3,2012Q3,Crisis,1,1,0,0.75,63.5,-5.7,-0.8,0.9000000000000057,-21.333333333333336,62.775000000000006,-0.8500000000000009,64.4,-7,0,0
2012-07-01,126.2,Portugal,-3.8,15.6,2.933333333333333,-3.3,9.665666666666667,830.9,GIIPS,2012,3,2012Q3,Crisis,1,1,1,0.75,123.4,-7.4,-4.1,2.799999999999997,-165.3666666666668,120.44999999999999,-3.725,126.2,-3.3,1,78
2012-07-01,78.7,Spain,-2.1,25,2.8000000000000003,-4.8,6.429,507.2333333333334,GIIPS,2012,3,2012Q3,Crisis,1,1,1,0.75,77.1,-13.4,-1.8,1.6000000000000085,32.33333333333337,74.72499999999998,-1.4,78.7,-4.8,1,100
2012-10-01,82.9,Austria,0.2,4.8,2.9,-1,1.8773,50.72999999999999,Core,2012,4,2012Q4,Crisis,1,1,0,0.75,83.7,-0.8,0.6,-0.7999999999999972,-16.17000000000003,84.04999999999997,0.6249999999999999,82.9,-1,0,0
2012-10-01,91.7,France,0,10.4,1.7333333333333334,-1.5,2.1133333333333333,74.33333333333331,Core,2012,4,2012Q4,Crisis,1,1,0,0.75,91.3,-6.6,0.3,0.4000000000000057,-11.333333333333357,91.67500000000001,0.24999999999999994,91.7,-1.5,0,0
2012-10-01,79.8,Germany,-0.1,5.3,2.033333333333333,-0.3,1.37,0,Core,2012,4,2012Q4,Crisis,1,1,0,0.75,79.9,-0.6,0.4,-0.10000000000000853,0,79.77499999999999,0.6250000000000008,79.8,-0.3,0,0
2012-10-01,164.1,Greece,-5.9,26.1,0.5333333333333333,-6.2,16.03666666666667,1466.6666666666667,GIIPS,2012,4,2012Q4,Crisis,1,1,1,0.75,159,-13.4,-6.7,5.099999999999994,-699.3333333333333,155.02499999999995,-6.924999999999999,164.1,-6.2,1,164.5
2012-10-01,118.9,Ireland,0.1,14.3,1.7333333333333334,-6.1,4.676666666666667,330.6666666666667,GIIPS,2012,4,2012Q4,Crisis,1,1,1,0.75,119.7,-7.7,0.5,-0.7999999999999972,-110.66666666666669,116.12500000000003,0.1999999999999998,118.9,-6.1,1,67.5
2012-10-01,125.9,Italy,-3,11.3,2.6666666666666665,1.5,4.782,341.2,GIIPS,2012,4,2012Q4,Crisis,1,1,1,0.75,126,-1.5,-2.9,-0.09999999999999432,-92.20000000000005,124.67500000000004,-2.625000000000001,125.9,1.5,0,0
2012-10-01,65.7,Netherlands,-1.3,5.6,3.3,-2.4,1.6596666666666666,28.96666666666665,Core,2012,4,2012Q4,Crisis,1,1,0,0.75,64.4,-7,-1.4,1.2999999999999972,-13.633333333333344,63.900000000000006,-1.1250000000000009,65.7,-2.4,0,0
2012-10-01,128.6,Portugal,-3.4,16.2,2.033333333333333,-6.8,7.915,654.5,GIIPS,2012,4,2012Q4,Crisis,1,1,1,0.75,126.2,-3.3,-3.8,2.3999999999999915,-176.39999999999998,124.1,-3.775,128.6,-6.8,1,78
2012-10-01,89.6,Spain,-2.5,25.8,3.1666666666666665,-22,5.559,418.9,GIIPS,2012,4,2012Q4,Crisis,1,1,1,0.75,78.7,-4.8,-2.1,10.899999999999991,-88.33333333333343,79.74999999999997,-1.875,89.6,-22,1,100
2013-01-01,83.9,Austria,-0.3,5,2.6,-5,1.8780333333333332,41.13666666666664,Core,2013,1,2013Q1,Recovery,0,1,0,0.75,82.9,-1,0.2,1,-9.593333333333348,83.94999999999997,0.2499999999999999,0,-0,0,0
2013-01-01,93.4,France,-0.1,10.4,1.2333333333333334,-7.2,2.16,69.33333333333334,Core,2013,1,2013Q1,Recovery,0,1,0,0.75,91.7,-1.5,0,1.7000000000000028,-4.999999999999972,92.25000000000001,0.09999999999999995,0,-0,0,0
2013-01-01,79.4,Germany,-0.5,5.4,1.8666666666666667,-1,1.4666666666666668,0,Core,2013,1,2013Q1,Recovery,0,1,0,0.75,79.8,-0.3,-0.1,-0.3999999999999915,0,79.875,0.2000000000000008,0,-0,0,0
2013-01-01,167.4,Greece,-5.5,27.2,-0.03333333333333334,-15.3,11.23,976.3333333333334,GIIPS,2013,1,2013Q1,Recovery,0,1,1,0.75,164.1,-6.2,-5.9,3.3000000000000114,-490.33333333333337,161.52499999999995,-6.299999999999999,0,-0,1,164.5
2013-01-01,123.4,Ireland,0.2,14.1,1.1,-9.3,3.9299999999999997,246.3333333333333,GIIPS,2013,1,2013Q1,Recovery,0,1,1,0.75,118.9,-6.1,0.1,4.5,-84.3333333333334,119.05000000000003,0.2749999999999998,0,-0,1,67.5
2013-01-01,129.6,Italy,-2.8,11.8,2.0666666666666664,-9.6,4.447,298.0333333333333,GIIPS,2013,1,2013Q1,Recovery,0,1,1,0.75,125.9,1.5,-3,3.6999999999999886,-43.166666666666686,126.50000000000004,-2.825000000000001,0,-0,0,0
2013-01-01,66.2,Netherlands,-1.2,6.2,3.2,0.6,1.7446666666666666,27.79999999999998,Core,2013,1,2013Q1,Recovery,0,1,0,0.75,65.7,-2.4,-1.3,0.5,-1.1666666666666714,64.95,-1.175000000000001,0,0,0,0
2013-01-01,131.1,Portugal,-3,16.9,0.43333333333333335,-9.5,6.246,477.9333333333334,GIIPS,2013,1,2013Q1,Recovery,0,1,1,0.75,128.6,-6.8,-3.4,2.5,-176.5666666666666,127.32499999999999,-3.575,0,-0,1,78
2013-01-01,97.1,Spain,-2.7,26.1,2.7666666666666666,-4.6,5.063,359.63333333333327,GIIPS,2013,1,2013Q1,Recovery,0,1,1,0.75,89.6,-22,-2.5,7.5,-59.26666666666671,85.62499999999997,-2.275,0,-0,1,100
2013-04-01,83.7,Austria,0.1,4.9,2.2333333333333334,-1.7,1.8107,47.06999999999999,Core,2013,2,2013Q2,Recovery,0,1,0,0.5,83.9,-5,-0.3,-0.20000000000000284,5.933333333333351,83.54999999999998,0.14999999999999988,0,-0,0,0
2013-04-01,95,France,0.8,10.5,0.9,-4.9,1.96,61.999999999999986,Core,2013,2,2013Q2,Recovery,0,1,0,0.5,93.4,-7.2,-0.1,1.5999999999999943,-7.333333333333357,92.85000000000002,0.24999999999999997,0,-0,0,0
2013-04-01,78.8,Germany,0.5,5.3,1.5333333333333334,1.9,1.34,0,Core,2013,2,2013Q2,Recovery,0,1,0,0.5,79.4,-1,-0.5,-0.6000000000000085,0,79.475,0.07500000000000079,0,0,0,0
2013-04-01,175.5,Greece,-3.6,27.5,-0.36666666666666664,-31.3,10.23,889,GIIPS,2013,2,2013Q2,Recovery,0,1,1,0.5,167.4,-15.3,-5.5,8.099999999999994,-87.33333333333337,166.49999999999994,-5.424999999999999,0,-0,1,164.5
2013-04-01,122.9,Ireland,0.8,13.8,0.5333333333333333,-4.2,3.76,242,GIIPS,2013,2,2013Q2,Recovery,0,1,1,0.5,123.4,-9.3,0.2,-0.5,-4.333333333333286,121.22500000000002,0.3999999999999998,0,-0,1,67.5
2013-04-01,132.4,Italy,-2.2,12.1,1.2,-0.7,4.207,286.7,GIIPS,2013,2,2013Q2,Recovery,0,1,1,0.5,129.6,-9.6,-2.8,2.8000000000000114,-11.333333333333314,128.47500000000005,-2.725000000000001,0,-0,0,0
2013-04-01,67.8,Netherlands,-0.6,6.6,3.033333333333333,-4.1,1.7846666666666666,44.466666666666654,Core,2013,2,2013Q2,Recovery,0,1,0,0.5,66.2,0.6,-1.2,1.5999999999999943,16.666666666666675,66.025,-1.1250000000000009,0,-0,0,0
2013-04-01,134.4,Portugal,-1.6,16.5,0.8333333333333334,-4.4,5.968666666666667,462.8666666666667,GIIPS,2013,2,2013Q2,Recovery,0,1,1,0.5,131.1,-9.5,-3,3.3000000000000114,-15.06666666666672,130.075,-2.95,0,-0,1,78
2013-04-01,98.8,Spain,-1.7,26.2,1.8333333333333337,-12.3,4.502666666666666,316.26666666666665,GIIPS,2013,2,2013Q2,Recovery,0,1,1,0.5,97.1,-4.6,-2.7,1.7000000000000028,-43.36666666666662,91.04999999999997,-2.25,0,-0,1,100
2013-07-01,85.3,Austria,0.2,5.1,1.9666666666666668,0.6,2.2075666666666667,48.09000000000001,Core,2013,3,2013Q3,Recovery,0,1,0,0.5,83.7,-1.7,0.1,1.5999999999999943,1.0200000000000173,83.94999999999999,0.04999999999999989,0,0,0,0
2013-07-01,94,France,0.7,10.3,1.0666666666666669,-6.3,2.3666666666666667,64.00000000000001,Core,2013,3,2013Q3,Recovery,0,1,0,0.5,95,-4.9,0.8,-1,2.0000000000000284,93.52500000000002,0.35,0,-0,0,0
2013-07-01,77.5,Germany,0.6,5.2,1.6666666666666667,-0.6,1.7266666666666666,0,Core,2013,3,2013Q3,Recovery,0,1,0,0.5,78.8,1.9,0.5,-1.2999999999999972,0,78.875,0.12500000000000078,0,-0,0,0
2013-07-01,177.2,Greece,-2.4,27.6,-0.8333333333333334,-3.9,10.013333333333334,828.6666666666667,GIIPS,2013,3,2013Q3,Recovery,0,1,1,0.5,175.5,-31.3,-3.6,1.6999999999999886,-60.33333333333326,171.04999999999995,-4.349999999999999,0,-0,1,164.5
2013-07-01,121.1,Ireland,2.3,13.3,0.3,-6.4,3.9166666666666665,219,GIIPS,2013,3,2013Q3,Recovery,0,1,1,0.5,122.9,-4.2,0.8,-1.8000000000000114,-23,121.57500000000002,0.8499999999999998,0,-0,1,67.5
2013-07-01,131.9,Italy,-1.6,12.3,1.0666666666666669,-3.1,4.459333333333333,273.26666666666665,GIIPS,2013,3,2013Q3,Recovery,0,1,1,0.5,132.4,-0.7,-2.2,-0.5,-13.433333333333337,129.95000000000005,-2.4000000000000012,0,-0,0,0
2013-07-01,67.3,Netherlands,-0.1,6.9,2.7666666666666666,-5.3,2.1833333333333336,45.6666666666667,Core,2013,3,2013Q3,Recovery,0,1,0,0.5,67.8,-4.1,-0.6,-0.5,1.2000000000000455,66.75,-0.8000000000000009,0,-0,0,0
2013-07-01,130.6,Portugal,-0.3,16,0.43333333333333335,-3.4,6.843,511.6333333333333,GIIPS,2013,3,2013Q3,Recovery,0,1,1,0.5,134.4,-4.4,-1.6,-3.8000000000000114,48.76666666666665,131.17499999999998,-2.075,0,-0,1,78
2013-07-01,100,Spain,-1,26.1,1.3333333333333333,-3.5,4.528666666666667,280.20000000000005,GIIPS,2013,3,2013Q3,Recovery,0,1,1,0.5,98.8,-12.3,-1.7,1.2000000000000028,-36.066666666666606,96.37499999999997,-1.975,0,-0,1,100
2013-10-01,82.4,Austria,0.5,5.3,1.6666666666666667,-2,2.1467333333333336,40.0066666666667,Core,2013,4,2013Q4,Recovery,0,1,0,0.25,85.3,0.6,0.2,-2.8999999999999915,-8.083333333333307,83.82499999999999,0.12499999999999989,0,-0,0,0
2013-10-01,94.6,France,0.8,10.2,0.7666666666666667,-1.5,2.33,58.33333333333335,Core,2013,4,2013Q4,Recovery,0,1,0,0.25,94,-6.3,0.7,0.5999999999999943,-5.666666666666664,94.25000000000001,0.55,0,-0,0,0
2013-10-01,77.5,Germany,1.3,5.1,1.3333333333333333,0.3,1.7466666666666666,0,Core,2013,4,2013Q4,Recovery,0,1,0,0.25,77.5,-0.6,0.6,0,0,78.3,0.4750000000000008,0,0,0,0
2013-10-01,180.4,Greece,-1.8,27.5,-2.2,-4.5,8.483333333333334,673.6666666666669,GIIPS,2013,4,2013Q4,Recovery,0,1,1,0.25,177.2,-3.9,-2.4,3.200000000000017,-154.9999999999999,175.12499999999994,-3.3249999999999984,0,-0,1,164.5
2013-10-01,117.7,Ireland,3.5,12.7,0.16666666666666666,-5.4,3.5533333333333332,180.66666666666666,GIIPS,2013,4,2013Q4,Recovery,0,1,1,0.25,121.1,-6.4,2.3,-3.3999999999999915,-38.33333333333334,121.27500000000002,1.6999999999999997,0,-0,1,67.5
2013-10-01,131.9,Italy,-0.9,12.5,0.6333333333333333,1.2,4.152333333333333,240.56666666666663,GIIPS,2013,4,2013Q4,Recovery,0,1,1,0.25,131.9,-3.1,-1.6,0,-32.70000000000002,131.45000000000005,-1.8750000000000013,0,0,0,0
2013-10-01,67.2,Netherlands,0.6,7,1.3,-2.7,2.1296666666666666,38.3,Core,2013,4,2013Q4,Recovery,0,1,0,0.25,67.3,-5.3,-0.1,-0.09999999999999432,-7.366666666666703,67.125,-0.32500000000000095,0,-0,0,0
2013-10-01,130.8,Portugal,1.2,15.4,0.1,-3.8,6.117,437.0333333333333,GIIPS,2013,4,2013Q4,Recovery,0,1,1,0.25,130.6,-3.4,-0.3,0.20000000000001705,-74.60000000000002,131.725,-0.9250000000000003,0,-0,1,78
2013-10-01,100,Spain,-0.1,25.8,0.2,-9.3,4.150666666666667,240.40000000000003,GIIPS,2013,4,2013Q4,Recovery,0,1,1,0.25,100,-3.5,-1,0,-39.80000000000001,98.97499999999997,-1.375,0,-0,1,100
2014-01-01,82.6,Austria,0.3,5.4,1.5,-4.8,1.9835333333333334,37.353333333333325,Core,2014,1,2014Q1,Recovery,0,1,0,0.25,82.4,-2,0.5,0.19999999999998863,-2.6533333333333786,83.49999999999999,0.2749999999999999,0,-0,0,0
2014-01-01,96.3,France,0.7,10.2,0.9,-6.6,2.26,64.99999999999997,Core,2014,1,2014Q1,Recovery,0,1,0,0.25,94.6,-1.5,0.8,1.7000000000000028,6.666666666666622,94.97500000000001,0.75,0,-0,0,0
2014-01-01,76.2,Germany,2.3,5.1,0.9333333333333332,0.3,1.61,0,Core,2014,1,2014Q1,Recovery,0,1,0,0.25,77.5,0.3,1.3,-1.2999999999999972,0,77.5,1.1750000000000007,0,0,0,0
2014-01-01,181.3,Greece,0,27,-1.2666666666666666,-7.5,7.3,569,GIIPS,2014,1,2014Q1,Recovery,0,1,1,0.25,180.4,-4.5,-1.8,0.9000000000000057,-104.66666666666686,178.59999999999994,-1.9499999999999984,0,-0,1,164.5
2014-01-01,115,Ireland,5.2,12.1,0.2,-5.8,3.2266666666666666,161.66666666666666,GIIPS,2014,1,2014Q1,Recovery,0,1,1,0.25,117.7,-5.4,3.5,-2.700000000000003,-19,119.17500000000001,2.9499999999999997,0,-0,0,0
2014-01-01,134.5,Italy,-0.2,12.7,0.43333333333333335,-8.6,3.6386666666666665,202.86666666666662,GIIPS,2014,1,2014Q1,Recovery,0,1,1,0.25,131.9,1.2,-0.9,2.5999999999999943,-37.70000000000002,132.67500000000004,-1.2250000000000014,0,-0,0,0
2014-01-01,66.6,Netherlands,0.5,7.2,0.43333333333333335,0,1.933,32.3,Core,2014,1,2014Q1,Recovery,0,1,0,0.25,67.2,-2.7,0.6,-0.6000000000000085,-6,67.225,0.09999999999999903,0,0,0,0
2014-01-01,134.7,Portugal,1,14.6,-0.13333333333333336,-5.6,4.859,324.9,GIIPS,2014,1,2014Q1,Recovery,0,1,1,0.25,130.8,-3.8,1.2,3.8999999999999773,-112.13333333333333,132.625,0.07499999999999973,0,-0,1,78
2014-01-01,102.6,Spain,0.6,25.2,0.06666666666666667,-2.6,3.553666666666667,194.36666666666667,GIIPS,2014,1,2014Q1,Recovery,0,1,1,0.25,100,-9.3,-0.1,2.5999999999999943,-46.03333333333336,100.34999999999997,-0.5499999999999999,0,-0,1,0
2014-04-01,83.7,Austria,0.3,5.5,1.6,-1.6,1.6796,32.95999999999999,Core,2014,2,2014Q2,Recovery,0,1,0,0.15,82.6,-4.8,0.3,1.1000000000000085,-4.393333333333338,83.49999999999999,0.3249999999999999,0,-0,0,0
2014-04-01,96.9,France,0.3,10.2,0.7333333333333334,-4.8,1.8599999999999999,50.99999999999998,Core,2014,2,2014Q2,Recovery,0,1,0,0.15,96.3,-6.6,0.7,0.6000000000000085,-13.999999999999993,95.45000000000002,0.625,0,-0,0,0
2014-04-01,75.8,Germany,1.3,5,0.9,2,1.35,0,Core,2014,2,2014Q2,Recovery,0,1,0,0.15,76.2,0.3,2.3,-0.4000000000000057,0,76.75,1.3750000000000007,0,0,0,0
2014-04-01,184.1,Greece,0.7,26.8,-1.7333333333333334,-3.6,6.033333333333333,468.33333333333337,GIIPS,2014,2,2014Q2,Recovery,0,1,1,0.15,181.3,-7.5,0,2.799999999999983,-100.66666666666663,180.74999999999994,-0.8749999999999984,0,-0,1,164.5
2014-04-01,109.5,Ireland,6.4,11.6,0.4,-2.9,2.683333333333333,133.33333333333331,GIIPS,2014,2,2014Q2,Recovery,0,1,1,0.15,115,-5.8,5.2,-5.5,-28.333333333333343,115.82500000000002,4.35,0,-0,0,0
2014-04-01,137.2,Italy,0,12.5,0.4,-1.1,3.0903333333333336,174.03333333333336,GIIPS,2014,2,2014Q2,Recovery,0,1,1,0.15,134.5,-8.6,-0.2,2.6999999999999886,-28.833333333333258,133.87500000000003,-0.6750000000000014,0,-0,0,0
2014-04-01,68,Netherlands,1.1,7.1,0.3333333333333333,-3.8,1.7176666666666667,36.76666666666666,Core,2014,2,2014Q2,Recovery,0,1,0,0.15,66.6,0,0.5,1.4000000000000057,4.4666666666666615,67.27499999999999,0.524999999999999,0,-0,0,0
2014-04-01,132.6,Portugal,0.8,14.1,-0.2,-6.8,3.6606666666666667,231.06666666666666,GIIPS,2014,2,2014Q2,Recovery,0,1,1,0.15,134.7,-5.6,1,-2.0999999999999943,-93.83333333333331,132.175,0.6749999999999998,0,-0,1,78
2014-04-01,103.6,Spain,1.2,24.5,0.16666666666666666,-10.5,2.917333333333333,156.7333333333333,GIIPS,2014,2,2014Q2,Recovery,0,1,1,0.15,102.6,-2.6,0.6,1,-37.63333333333338,101.54999999999997,0.17500000000000004,0,-0,0,0
2014-07-01,82.1,Austria,0.3,5.5,1.5333333333333332,1.4,1.3221333333333334,32.879999999999995,Core,2014,3,2014Q3,Recovery,0,1,0,0.05,83.7,-1.6,0.3,-1.6000000000000085,-0.07999999999999119,82.69999999999999,0.34999999999999987,0,0,0,0
2014-07-01,96.8,France,0.4,10.3,0.5,-5.8,1.44,44.66666666666666,Core,2014,3,2014Q3,Recovery,0,1,0,0.05,96.9,-4.8,0.3,-0.10000000000000853,-6.3333333333333215,96.15000000000002,0.55,0,-0,0,0
2014-07-01,75.2,Germany,1.4,5,0.7666666666666667,-0.1,0.9933333333333334,0,Core,2014,3,2014Q3,Recovery,0,1,0,0.05,75.8,2,1.3,-0.5999999999999943,0,76.175,1.5750000000000006,0,-0,0,0
2014-07-01,182.3,Greece,1.3,26.1,-0.7000000000000001,-1.8,5.873333333333333,488,GIIPS,2014,3,2014Q3,Recovery,0,1,1,0.05,184.1,-3.6,0.7,-1.799999999999983,19.66666666666663,182.02499999999995,0.0500000000000016,0,-0,1,164.5
2014-07-01,106.6,Ireland,8.3,11,0.5,-4,2.0166666666666666,102.33333333333331,GIIPS,2014,3,2014Q3,Recovery,0,1,1,0.05,109.5,-2.9,6.4,-2.9000000000000057,-31,112.20000000000002,5.85,0,-0,0,0
2014-07-01,135,Italy,0,12.8,-0.06666666666666667,-2.5,2.609,161.56666666666666,GIIPS,2014,3,2014Q3,Recovery,0,1,1,0.05,137.2,-1.1,0,-2.1999999999999886,-12.466666666666697,134.65000000000003,-0.27500000000000135,0,-0,0,0
2014-07-01,67.4,Netherlands,1.3,6.9,0.3333333333333333,-3.9,1.2536666666666667,26.03333333333333,Core,2014,3,2014Q3,Recovery,0,1,0,0.05,68,-3.8,1.1,-0.5999999999999943,-10.733333333333327,67.3,0.8749999999999991,0,-0,0,0
2014-07-01,134.6,Portugal,1,13.5,-0.26666666666666666,-14,3.4459999999999997,245.26666666666665,GIIPS,2014,3,2014Q3,Recovery,0,1,1,0.05,132.6,-6.8,0.8,2,14.199999999999989,133.175,0.9999999999999998,0,-0,0,0
2014-07-01,103.9,Spain,1.7,24,-0.4,-1.2,2.4256666666666664,143.2333333333333,GIIPS,2014,3,2014Q3,Recovery,0,1,1,0.05,103.6,-10.5,1.2,0.30000000000001137,-13.5,102.52499999999998,0.8500000000000001,0,-0,0,0
2014-10-01,85.2,Austria,0.4,5.4,1.2333333333333334,-2.8,0.9639,26.39,Core,2014,4,2014Q4,Recovery,0,1,0,0.05,82.1,1.4,0.3,3.1000000000000085,-6.489999999999995,83.39999999999999,0.32499999999999984,0,-0,0,0
2014-10-01,96.2,France,0.6,10.4,0.33333333333333337,-1.3,1.1066666666666667,40.66666666666667,Core,2014,4,2014Q4,Recovery,0,1,0,0.05,96.8,-5.8,0.4,-0.5999999999999943,-3.999999999999986,96.55000000000003,0.5,0,-0,0,0
2014-10-01,74.5,Germany,1.6,4.9,0.4333333333333333,0.8,0.7,0,Core,2014,4,2014Q4,Recovery,0,1,0,0.05,75.2,-0.1,1.4,-0.7000000000000028,0,75.425,1.6500000000000006,0,0,0,0
2014-10-01,182.7,Greece,1.5,25.8,-1.8333333333333333,-2.7,7.6899999999999995,698.9999999999999,GIIPS,2014,4,2014Q4,Recovery,0,1,1,0.05,182.3,-1.8,1.3,0.39999999999997726,210.9999999999999,182.59999999999994,0.8750000000000016,0,-0,1,164.5
2014-10-01,101.4,Ireland,9.1,10.3,0.10000000000000002,-1.6,1.5433333333333334,84.33333333333334,GIIPS,2014,4,2014Q4,Recovery,0,1,1,0.05,106.6,-4,8.3,-5.199999999999989,-17.99999999999997,108.12500000000001,7.25,0,-0,0,0
2014-10-01,134.8,Italy,0.1,12.7,0.16666666666666666,0.4,2.2346666666666666,153.46666666666667,GIIPS,2014,4,2014Q4,Recovery,0,1,1,0.05,135,-2.5,0,-0.19999999999998863,-8.099999999999994,135.37500000000003,-0.025000000000001354,0,0,0,0
2014-10-01,67.2,Netherlands,1.5,6.7,0.2,-1,0.9143333333333333,21.433333333333337,Core,2014,4,2014Q4,Recovery,0,1,0,0.05,67.4,-3.9,1.3,-0.20000000000000284,-4.599999999999994,67.3,1.0999999999999992,0,-0,0,0
2014-10-01,132.5,Portugal,1.1,13.4,-0.03333333333333332,-2.8,3.049666666666667,234.96666666666667,GIIPS,2014,4,2014Q4,Recovery,0,1,1,0.05,134.6,-14,1,-2.0999999999999943,-10.299999999999983,133.60000000000002,0.9749999999999999,0,-0,0,0
2014-10-01,104.4,Spain,2,23.6,-0.6000000000000001,-9.5,1.99,129,GIIPS,2014,4,2014Q4,Recovery,0,1,1,0.05,103.9,-1.2,1.7,0.5,-14.233333333333292,103.62499999999997,1.375,0,-0,0,0
2015-01-01,85.7,Austria,0.5,5.6,0.6333333333333333,-3.7,0.45243333333333335,14.576666666666672,Core,2015,1,2015Q1,Recovery,0,1,0,0.05,85.2,-2.8,0.4,0.5,-11.813333333333329,84.175,0.37499999999999983,0,-0,0,0
2015-01-01,98.1,France,0.8,10.3,-0.23333333333333336,-5.7,0.5933333333333334,28.666666666666675,Core,2015,1,2015Q1,Recovery,0,1,0,0.05,96.2,-1.3,0.6,1.8999999999999915,-11.999999999999996,97.00000000000003,0.525,0,-0,0,0
2015-01-01,74.2,Germany,1.1,4.8,-0.13333333333333333,0.5,0.30666666666666664,0,Core,2015,1,2015Q1,Recovery,0,1,0,0.05,74.5,0.8,1.6,-0.29999999999999716,0,74.925,1.3500000000000005,0,0,0,0
2015-01-01,173.5,Greece,0.5,25.6,-2.1999999999999997,-9.8,9.906666666666666,960,GIIPS,2015,1,2015Q1,Recovery,0,1,1,0.05,182.7,-2.7,1.5,-9.199999999999989,261.0000000000001,180.64999999999992,1.0000000000000016,0,-0,1,164.5
2015-01-01,93.3,Ireland,9.5,9.9,-0.33333333333333337,-3.4,1.0466666666666666,74,GIIPS,2015,1,2015Q1,Recovery,0,1,1,0.05,101.4,-1.6,9.1,-8.100000000000009,-10.333333333333343,102.70000000000002,8.325,0,-0,0,0
2015-01-01,137.5,Italy,0.2,12.3,-0.13333333333333333,-8,1.5176666666666667,121.10000000000001,GIIPS,2015,1,2015Q1,Recovery,0,1,1,0.05,134.8,0.4,0.1,2.6999999999999886,-32.36666666666666,136.12500000000003,0.07499999999999865,0,-0,0,0
2015-01-01,68.2,Netherlands,2,6.9,-0.5,1.1,0.4206666666666667,11.400000000000004,Core,2015,1,2015Q1,Recovery,0,1,0,0.05,67.2,-1,1.5,1,-10.033333333333333,67.7,1.4749999999999992,0,0,0,0
2015-01-01,132.5,Portugal,1.5,13.2,-0.03333333333333332,-5.9,2.1833333333333336,187.66666666666669,GIIPS,2015,1,2015Q1,Recovery,0,1,1,0.05,132.5,-2.8,1.1,0,-47.29999999999998,133.05,1.0999999999999999,0,-0,0,0
2015-01-01,104.5,Spain,2.7,23,-1.1666666666666667,-3,1.43,112.33333333333333,GIIPS,2015,1,2015Q1,Recovery,0,1,1,0.05,104.4,-9.5,2,0.09999999999999432,-16.66666666666667,104.09999999999997,1.9,0,-0,0,0
2015-04-01,86.7,Austria,0.7,5.7,0.9666666666666668,-0.3,0.6934666666666667,20.346666666666664,Core,2015,2,2015Q2,Recovery,0,1,0,0.05,85.7,-3.7,0.5,1,5.7699999999999925,84.925,0.4749999999999998,0,-0,0,0
2015-04-01,98.3,France,1.1,10.3,0.23333333333333336,-5.1,0.8433333333333333,35.33333333333332,Core,2015,2,2015Q2,Recovery,0,1,0,0.05,98.1,-5.7,0.8,0.20000000000000284,6.6666666666666465,97.35000000000002,0.7250000000000001,0,-0,0,0
2015-04-01,72.4,Germany,1.6,4.7,1.2333333333333334,2,0.49000000000000005,0,Core,2015,2,2015Q2,Recovery,0,1,0,0.05,74.2,0.5,1.1,-1.7999999999999972,0,74.075,1.4250000000000005,0,0,0,0
2015-04-01,173,Greece,0.7,25,-1.4333333333333331,-4.1,11.22,1073,GIIPS,2015,2,2015Q2,Recovery,0,1,1,0.05,173.5,-9.8,0.5,-0.5,113,177.87499999999991,1.0000000000000016,0,-0,1,164.5
2015-04-01,87.2,Ireland,26.3,9.6,0.1,-0.8,1.21,72,GIIPS,2015,2,2015Q2,Recovery,0,1,1,0.05,93.3,-3.4,9.5,-6.099999999999994,-2,97.12500000000001,13.299999999999999,0,-0,0,0
2015-04-01,138.2,Italy,0.8,12.1,0.1,-0.8,1.7893333333333332,129.93333333333334,GIIPS,2015,2,2015Q2,Recovery,0,1,1,0.05,137.5,-8,0.2,0.6999999999999886,8.833333333333329,136.37500000000003,0.2749999999999987,0,-0,0,0
2015-04-01,66,Netherlands,2,6.8,0.4,-3.7,0.7073333333333334,21.73333333333333,Core,2015,2,2015Q2,Recovery,0,1,0,0.05,68.2,1.1,2,-2.200000000000003,10.333333333333327,67.2,1.6999999999999993,0,-0,0,0
2015-04-01,130.8,Portugal,1.6,12.4,0.7666666666666667,-3.9,2.4046666666666665,191.46666666666664,GIIPS,2015,2,2015Q2,Recovery,0,1,1,0.05,132.5,-5.9,1.5,-1.6999999999999886,3.7999999999999545,132.60000000000002,1.2999999999999998,0,-0,0,0
2015-04-01,103.8,Spain,3.2,22.4,-0.3333333333333333,-9.2,1.7723333333333333,128.23333333333332,GIIPS,2015,2,2015Q2,Recovery,0,1,1,0.05,104.5,-3,2.7,-0.7000000000000028,15.899999999999991,104.14999999999996,2.4,0,-0,0,0
2015-07-01,86.8,Austria,1,5.7,0.9,1.7,1.0048333333333335,34.816666666666684,Core,2015,3,2015Q3,Recovery,0,1,0,0.05,86.7,-0.3,0.7,0.09999999999999432,14.47000000000002,86.1,0.6499999999999998,0,0,0,0
2015-07-01,97.8,France,1.1,10.4,0.13333333333333333,-4.8,1.04,38.33333333333334,Core,2015,3,2015Q3,Recovery,0,1,0,0.05,98.3,-5.1,1.1,-0.5,3.0000000000000213,97.60000000000002,0.9000000000000001,0,-0,0,0
2015-07-01,71.9,Germany,1.8,4.5,1.0666666666666669,0.8,0.6566666666666666,0,Core,2015,3,2015Q3,Recovery,0,1,0,0.05,72.4,2,1.6,-0.5,0,73.25,1.5250000000000006,0,0,0,0
2015-07-01,175.4,Greece,-1.4,24.6,-0.8333333333333334,-2.3,10.653333333333332,999.6666666666666,GIIPS,2015,3,2015Q3,Recovery,0,1,1,0.05,173,-4.1,0.7,2.4000000000000057,-73.33333333333337,176.14999999999992,0.3250000000000015,0,-0,1,86
2015-07-01,80.7,Ireland,32.4,9.2,0.1,-2,1.3566666666666667,70,GIIPS,2015,3,2015Q3,Recovery,0,1,1,0.05,87.2,-0.8,26.3,-6.5,-2,90.65000000000002,19.325,0,-0,0,0
2015-07-01,136.8,Italy,1,11.5,0.3,-1.7,1.9336666666666666,127.70000000000002,GIIPS,2015,3,2015Q3,Recovery,0,1,1,0.05,138.2,-0.8,0.8,-1.3999999999999773,-2.23333333333332,136.82500000000005,0.5249999999999987,0,-0,0,0
2015-07-01,65,Netherlands,1.8,6.7,0.5,-3.8,0.9016666666666666,24.5,Core,2015,3,2015Q3,Recovery,0,1,0,0.05,66,-3.7,2,-1,2.7666666666666693,66.6,1.8249999999999993,0,-0,0,0
2015-07-01,132.4,Portugal,1.7,12.2,0.7666666666666666,-1.3,2.613,195.63333333333333,GIIPS,2015,3,2015Q3,Recovery,0,1,1,0.05,130.8,-3.9,1.6,1.5999999999999943,4.166666666666686,132.05,1.4749999999999999,0,-0,0,0
2015-07-01,103.5,Spain,3.4,21.6,-0.5333333333333333,-0.7,2.0273333333333334,137.06666666666666,GIIPS,2015,3,2015Q3,Recovery,0,1,1,0.05,103.8,-9.2,3.2,-0.29999999999999716,8.833333333333343,104.04999999999995,2.8249999999999997,0,-0,0,0
2015-10-01,85.6,Austria,1.1,5.8,0.7666666666666667,0.3,0.8374333333333334,30.743333333333332,Core,2015,4,2015Q4,Recovery,0,1,0,0.05,86.8,1.7,1,-1.2000000000000028,-4.073333333333352,86.19999999999999,0.8249999999999998,0,0,0,0
2015-10-01,97,France,1.2,10.2,0.2,-0.2,0.8933333333333333,36.33333333333333,Core,2015,4,2015Q4,Recovery,0,1,0,0.05,97.8,-4.8,1.1,-0.7999999999999972,-2.000000000000014,97.80000000000003,1.05,0,-0,0,0
2015-10-01,71.2,Germany,2.1,4.5,0.5333333333333333,0.4,0.53,0,Core,2015,4,2015Q4,Recovery,0,1,0,0.05,71.9,0.8,1.8,-0.7000000000000028,0,72.425,1.6500000000000006,0,0,0,0
2015-10-01,179.6,Greece,-1.6,24.2,0.06666666666666667,-7.7,7.76,723,GIIPS,2015,4,2015Q4,Recovery,0,1,1,0.05,175.4,-2.3,-1.4,4.199999999999989,-276.66666666666663,175.37499999999991,-0.4499999999999985,0,-0,1,86
2015-10-01,74,Ireland,29.1,8.8,0,-1.7,1.1166666666666667,58.666666666666664,GIIPS,2015,4,2015Q4,Recovery,0,1,1,0.05,80.7,-2,32.4,-6.700000000000003,-11.333333333333336,83.80000000000001,24.325,0,-0,0,0
2015-10-01,134.8,Italy,1.1,11.4,0.16666666666666666,0.2,1.615,108.5,GIIPS,2015,4,2015Q4,Recovery,0,1,1,0.05,136.8,-1.7,1,-2,-19.200000000000017,136.82500000000005,0.7749999999999987,0,0,0,0
2015-10-01,63.8,Netherlands,1.5,6.5,0.43333333333333335,-0.8,0.7316666666666667,20.166666666666664,Core,2015,4,2015Q4,Recovery,0,1,0,0.05,65,-3.8,1.8,-1.2000000000000028,-4.333333333333336,65.75,1.8249999999999993,0,-0,0,0
2015-10-01,131,Portugal,1.5,12,0.5333333333333333,-6.9,2.490333333333333,196.0333333333333,GIIPS,2015,4,2015Q4,Recovery,0,1,1,0.05,132.4,-1.3,1.7,-1.4000000000000057,0.39999999999997726,131.675,1.5749999999999997,0,-0,0,0
2015-10-01,102.5,Spain,3.5,20.8,-0.4666666666666667,-7.9,1.7096666666666667,117.96666666666667,GIIPS,2015,4,2015Q4,Recovery,0,1,1,0.05,103.5,-0.7,3.4,-1,-19.099999999999994,103.57499999999996,3.1999999999999997,0,-0,0,0
