country,date,bond_yield
IE,1993-01-01,9.8755
IE,1993-02-01,9.2625
IE,1993-03-01,8.6195
IE,1993-04-01,8.1135
IE,1993-05-01,7.8319
IE,1993-06-01,7.6067
IE,1993-07-01,7.3209
IE,1993-08-01,7.1105
IE,1993-09-01,7.0055
IE,1993-10-01,6.7081
IE,1993-11-01,6.5655
IE,1993-12-01,6.38
IE,1994-01-01,6.151
IE,1994-02-01,6.4465
IE,1994-03-01,7.0741
IE,1994-04-01,7.5732
IE,1994-05-01,7.9638
IE,1994-06-01,8.5019
IE,1994-07-01,8.3433
IE,1994-08-01,8.4341
IE,1994-09-01,8.8155
IE,1994-10-01,8.6825
IE,1994-11-01,8.5123
IE,1994-12-01,8.5684
IE,1995-01-01,8.79
IE,1995-02-01,8.6745
IE,1995-03-01,8.7955
IE,1995-04-01,8.6967
IE,1995-05-01,8.3373
IE,1995-06-01,8.2557
IE,1995-07-01,8.3933
IE,1995-08-01,8.1473
IE,1995-09-01,7.9586
IE,1995-10-01,7.9871
IE,1995-11-01,7.6318
IE,1995-12-01,7.375
IE,1996-01-01,7.2323
IE,1996-02-01,7.491
IE,1996-03-01,7.8185
IE,1996-04-01,7.6055
IE,1996-05-01,7.4964
IE,1996-06-01,7.6242
IE,1996-07-01,7.4939
IE,1996-08-01,7.4305
IE,1996-09-01,7.2148
IE,1996-10-01,6.7759
IE,1996-11-01,6.6843
IE,1996-12-01,6.6126
IE,1997-01-01,6.59
IE,1997-02-01,6.3255
IE,1997-03-01,6.6217
IE,1997-04-01,6.6905
IE,1997-05-01,6.5533
IE,1997-06-01,6.4915
IE,1997-07-01,6.2587
IE,1997-08-01,6.33
IE,1997-09-01,6.1032
IE,1997-10-01,5.9945
IE,1997-11-01,5.978
IE,1997-12-01,5.6065
IE,1998-01-01,5.3476
IE,1998-02-01,5.227
IE,1998-03-01,5.079
IE,1998-04-01,5.048
IE,1998-05-01,5.1385
IE,1998-06-01,5.0271
IE,1998-07-01,4.9252
IE,1998-08-01,4.6755
IE,1998-09-01,4.385
IE,1998-10-01,4.3486
IE,1998-11-01,4.3224
IE,1998-12-01,4.018
IE,1999-01-01,3.8915
IE,1999-02-01,4.0235
IE,1999-03-01,4.1878
IE,1999-04-01,3.9468
IE,1999-05-01,4.1819
IE,1999-06-01,4.5855
IE,1999-07-01,4.9409
IE,1999-08-01,5.1564
IE,1999-09-01,5.3355
IE,1999-10-01,5.5745
IE,1999-11-01,5.3068
IE,1999-12-01,5.403
IE,2000-01-01,5.8
IE,2000-02-01,5.76
IE,2000-03-01,5.58
IE,2000-04-01,5.46
IE,2000-05-01,5.61
IE,2000-06-01,5.43
IE,2000-07-01,5.52
IE,2000-08-01,5.47
IE,2000-09-01,5.52
IE,2000-10-01,5.46
IE,2000-11-01,5.4
IE,2000-12-01,5.14
IE,2001-01-01,5.03
IE,2001-02-01,5.01
IE,2001-03-01,4.92
IE,2001-04-01,5.09
IE,2001-05-01,5.28
IE,2001-06-01,5.23
IE,2001-07-01,5.23
IE,2001-08-01,5.01
IE,2001-09-01,5.01
IE,2001-10-01,4.77
IE,2001-11-01,4.63
IE,2001-12-01,4.93
IE,2002-01-01,5.02
IE,2002-02-01,5.2
IE,2002-03-01,5.42
IE,2002-04-01,5.41
IE,2002-05-01,5.41
IE,2002-06-01,5.25
IE,2002-07-01,5.11
IE,2002-08-01,4.84
IE,2002-09-01,4.63
IE,2002-10-01,4.7
IE,2002-11-01,4.67
IE,2002-12-01,4.46
IE,2003-01-01,4.27
IE,2003-02-01,4.06
IE,2003-03-01,4.09
IE,2003-04-01,4.22
IE,2003-05-01,3.89
IE,2003-06-01,3.69
IE,2003-07-01,4.01
IE,2003-08-01,4.17
IE,2003-09-01,4.19
IE,2003-10-01,4.25
IE,2003-11-01,4.39
IE,2003-12-01,4.36
IE,2004-01-01,4.2
IE,2004-02-01,4.15
IE,2004-03-01,3.97
IE,2004-04-01,4.17
IE,2004-05-01,4.31
IE,2004-06-01,4.38
IE,2004-07-01,4.27
IE,2004-08-01,4.09
IE,2004-09-01,4.04
IE,2004-10-01,3.92
IE,2004-11-01,3.8
IE,2004-12-01,3.62
IE,2005-01-01,3.52
IE,2005-02-01,3.51
IE,2005-03-01,3.66
IE,2005-04-01,3.46
IE,2005-05-01,3.28
IE,2005-06-01,3.13
IE,2005-07-01,3.18
IE,2005-08-01,3.22
IE,2005-09-01,3.04
IE,2005-10-01,3.19
IE,2005-11-01,3.4
IE,2005-12-01,3.36
IE,2006-01-01,3.32
IE,2006-02-01,3.47
IE,2006-03-01,3.65
IE,2006-04-01,3.9
IE,2006-05-01,3.96
IE,2006-06-01,3.98
IE,2006-07-01,4
IE,2006-08-01,3.88
IE,2006-09-01,3.76
IE,2006-10-01,3.78
IE,2006-11-01,3.72
IE,2006-12-01,3.76
IE,2007-01-01,4.04
IE,2007-02-01,4.07
IE,2007-03-01,3.97
IE,2007-04-01,4.19
IE,2007-05-01,4.32
IE,2007-06-01,4.62
IE,2007-07-01,4.59
IE,2007-08-01,4.4
IE,2007-09-01,4.32
IE,2007-10-01,4.39
IE,2007-11-01,4.31
IE,2007-12-01,4.45
IE,2008-01-01,4.25
IE,2008-02-01,4.21
IE,2008-03-01,4.17
IE,2008-04-01,4.44
IE,2008-05-01,4.58
IE,2008-06-01,4.91
IE,2008-07-01,4.92
IE,2008-08-01,4.59
IE,2008-09-01,4.56
IE,2008-10-01,4.55
IE,2008-11-01,4.56
IE,2008-12-01,4.57
IE,2009-01-01,5.2
IE,2009-02-01,5.65
IE,2009-03-01,5.76
IE,2009-04-01,5.34
IE,2009-05-01,5.27
IE,2009-06-01,5.73
IE,2009-07-01,5.45
IE,2009-08-01,4.92
IE,2009-09-01,4.91
IE,2009-10-01,4.77
IE,2009-11-01,4.82
IE,2009-12-01,4.88
IE,2010-01-01,4.83
IE,2010-02-01,4.73
IE,2010-03-01,4.53
IE,2010-04-01,4.76
IE,2010-05-01,4.86
IE,2010-06-01,5.31
IE,2010-07-01,5.32
IE,2010-08-01,5.3
IE,2010-09-01,6.14
IE,2010-10-01,6.42
IE,2010-11-01,8.22
IE,2010-12-01,8.45
IE,2011-01-01,8.75
IE,2011-02-01,9.1
IE,2011-03-01,9.67
IE,2011-04-01,9.79
IE,2011-05-01,10.64
IE,2011-06-01,11.43
IE,2011-07-01,12.45
IE,2011-08-01,9.57
IE,2011-09-01,8.51
IE,2011-10-01,8.1
IE,2011-11-01,8.51
IE,2011-12-01,8.7
IE,2012-01-01,7.71
IE,2012-02-01,7.02
IE,2012-03-01,6.9
IE,2012-04-01,6.88
IE,2012-05-01,7.12
IE,2012-06-01,7.09
IE,2012-07-01,6.12
IE,2012-08-01,5.91
IE,2012-09-01,5.28
IE,2012-10-01,4.77
IE,2012-11-01,4.59
IE,2012-12-01,4.67
IE,2013-01-01,4.18
IE,2013-02-01,3.78
IE,2013-03-01,3.83
IE,2013-04-01,3.78
IE,2013-05-01,3.48
IE,2013-06-01,4.02
IE,2013-07-01,3.88
IE,2013-08-01,3.92
IE,2013-09-01,3.95
IE,2013-10-01,3.65
IE,2013-11-01,3.53
IE,2013-12-01,3.48
IE,2014-01-01,3.39
IE,2014-02-01,3.24
IE,2014-03-01,3.05
IE,2014-04-01,2.9
IE,2014-05-01,2.71
IE,2014-06-01,2.44
IE,2014-07-01,2.28
IE,2014-08-01,2.02
IE,2014-09-01,1.75
IE,2014-10-01,1.74
IE,2014-11-01,1.58
IE,2014-12-01,1.31
IE,2015-01-01,1.22
IE,2015-02-01,1.12
IE,2015-03-01,0.8
IE,2015-04-01,0.73
IE,2015-05-01,1.25
IE,2015-06-01,1.65
IE,2015-07-01,1.47
IE,2015-08-01,1.29
IE,2015-09-01,1.31
IE,2015-10-01,1.14
IE,2015-11-01,1.1
IE,2015-12-01,1.11
IE,2016-01-01,1.05
IE,2016-02-01,0.99
IE,2016-03-01,0.85
IE,2016-04-01,0.86
IE,2016-05-01,0.84
IE,2016-06-01,0.76
IE,2016-07-01,0.47
IE,2016-08-01,0.4
IE,2016-09-01,0.42
IE,2016-10-01,0.5
IE,2016-11-01,0.85
IE,2016-12-01,0.84
IE,2017-01-01,0.99
IE,2017-02-01,1.06
IE,2017-03-01,1.05
IE,2017-04-01,0.91
IE,2017-05-01,0.83
IE,2017-06-01,0.7
IE,2017-07-01,0.87
IE,2017-08-01,0.73
IE,2017-09-01,0.7
IE,2017-10-01,0.66
IE,2017-11-01,0.58
IE,2017-12-01,0.54
IE,2018-01-01,0.9126
IE,2018-02-01,1.1328
IE,2018-03-01,1.0056
IE,2018-04-01,0.9435
IE,2018-05-01,0.9821
IE,2018-06-01,0.924
IE,2018-07-01,0.8271
IE,2018-08-01,0.8618
IE,2018-09-01,0.9327
IE,2018-10-01,1.0082
IE,2018-11-01,0.9827
IE,2018-12-01,0.909
IE,2019-01-01,0.9351
IE,2019-02-01,0.8436
IE,2019-03-01,0.6683
IE,2019-04-01,0.5596
IE,2019-05-01,0.4995
IE,2019-06-01,0.2664
IE,2019-07-01,0.1355
IE,2019-08-01,-0.0505
IE,2019-09-01,-0.0104
IE,2019-10-01,0.0161
IE,2019-11-01,0.0722
IE,2019-12-01,0.0373
IE,2020-01-01,0.0041
IE,2020-02-01,-0.1312
IE,2020-03-01,0.0687
IE,2020-04-01,0.2012
IE,2020-05-01,0.1072
IE,2020-06-01,0.0835
IE,2020-07-01,-0.0473
IE,2020-08-01,-0.1219
IE,2020-09-01,-0.1331
IE,2020-10-01,-0.2224
IE,2020-11-01,-0.251
IE,2020-12-01,-0.2903
IE,2021-01-01,-0.2418
IE,2021-02-01,-0.0551
IE,2021-03-01,0.0276
IE,2021-04-01,0.082
IE,2021-05-01,0.2372
IE,2021-06-01,0.1787
IE,2021-07-01,0.0309
IE,2021-08-01,-0.0788
IE,2021-09-01,0.0674
IE,2021-10-01,0.2224
IE,2021-11-01,0.1876
IE,2021-12-01,0.0998
IE,2022-01-01,0.3803
IE,2022-02-01,0.7751
IE,2022-03-01,0.9293
IE,2022-04-01,1.4021
IE,2022-05-01,1.6275
IE,2022-06-01,2.129
IE,2022-07-01,1.7438
IE,2022-08-01,1.7127
IE,2022-09-01,2.418
IE,2022-10-01,2.7093
IE,2022-11-01,2.5341
IE,2022-12-01,2.5862
IE,2023-01-01,2.6546
IE,2023-02-01,2.8568
IE,2023-03-01,2.8565
IE,2023-04-01,2.7713
IE,2023-05-01,2.7861
IE,2023-06-01,2.778
IE,2023-07-01,2.899
IE,2023-08-01,2.9644
IE,2023-09-01,3.087
IE,2023-10-01,3.2719
IE,2023-11-01,3.009
IE,2023-12-01,2.4648
IE,2024-01-01,2.599
IE,2024-02-01,2.7804
IE,2024-03-01,2.754
IE,2024-04-01,2.8878
IE,2024-05-01,2.9141
IE,2024-06-01,2.9287
IE,2024-07-01,2.8587
IE,2024-08-01,2.637
IE,2024-09-01,2.5457
IE,2024-10-01,2.5888
IE,2024-11-01,2.6262
IE,2024-12-01,2.4906
IE,2025-01-01,2.789
IE,2025-02-01,2.7164
IE,2025-03-01,3.0487
IE,2025-04-01,2.8981
IE,2025-05-01,2.8877
IE,2025-06-01,2.8502
IE,2025-07-01,2.9232
IE,2025-08-01,2.9448
IE,2025-09-01,2.946
IE,2025-10-01,2.8707
IT,1991-03-01,13.767
IT,1991-04-01,13.433
IT,1991-05-01,13.06
IT,1991-06-01,13.094
IT,1991-07-01,13.337
IT,1991-08-01,13.448
IT,1991-09-01,13.017
IT,1991-10-01,12.791
IT,1991-11-01,12.908
IT,1991-12-01,12.952
IT,1992-01-01,12.677
IT,1992-02-01,12.608
IT,1992-03-01,12.575
IT,1992-04-01,12.69
IT,1992-05-01,12.579
IT,1992-06-01,13.102
IT,1992-07-01,13.63
IT,1992-08-01,13.679
IT,1992-09-01,14.113
IT,1992-10-01,14.419
IT,1992-11-01,13.466
IT,1992-12-01,13.659
IT,1993-01-01,13.43
IT,1993-02-01,13.062
IT,1993-03-01,12.902
IT,1993-04-01,13.107
IT,1993-05-01,12.463
IT,1993-06-01,11.673
IT,1993-07-01,11.097
IT,1993-08-01,9.764
IT,1993-09-01,9.469
IT,1993-10-01,9.015
IT,1993-11-01,9.333
IT,1993-12-01,8.933
IT,1994-01-01,8.671
IT,1994-02-01,8.767
IT,1994-03-01,9.445
IT,1994-04-01,9.047
IT,1994-05-01,9.371
IT,1994-06-01,10.477
IT,1994-07-01,10.768
IT,1994-08-01,11.458
IT,1994-09-01,11.937
IT,1994-10-01,12.071
IT,1994-11-01,12.023
IT,1994-12-01,12.196
IT,1995-01-01,12.371
IT,1995-02-01,12.392
IT,1995-03-01,13.453
IT,1995-04-01,13.405
IT,1995-05-01,12.299
IT,1995-06-01,12.383
IT,1995-07-01,12.212
IT,1995-08-01,11.656
IT,1995-09-01,11.544
IT,1995-10-01,11.962
IT,1995-11-01,11.628
IT,1995-12-01,11.171
IT,1996-01-01,10.432
IT,1996-02-01,10.519
IT,1996-03-01,10.688
IT,1996-04-01,10.339
IT,1996-05-01,9.696
IT,1996-06-01,9.57
IT,1996-07-01,9.428
IT,1996-08-01,9.484
IT,1996-09-01,9.168
IT,1996-10-01,8.233
IT,1996-11-01,7.693
IT,1996-12-01,7.565
IT,1997-01-01,7.375
IT,1997-02-01,7.363
IT,1997-03-01,7.869
IT,1997-04-01,7.737
IT,1997-05-01,7.32
IT,1997-06-01,7.066
IT,1997-07-01,6.518
IT,1997-08-01,6.658
IT,1997-09-01,6.356
IT,1997-10-01,6.197
IT,1997-11-01,6.133
IT,1997-12-01,5.738
IT,1998-01-01,5.434
IT,1998-02-01,5.375
IT,1998-03-01,5.198
IT,1998-04-01,5.146
IT,1998-05-01,5.208
IT,1998-06-01,5.079
IT,1998-07-01,4.97
IT,1998-08-01,4.787
IT,1998-09-01,4.526
IT,1998-10-01,4.486
IT,1998-11-01,4.384
IT,1998-12-01,3.995
IT,1999-01-01,3.922
IT,1999-02-01,4.054
IT,1999-03-01,4.271
IT,1999-04-01,4.11
IT,1999-05-01,4.279
IT,1999-06-01,4.615
IT,1999-07-01,4.938
IT,1999-08-01,5.134
IT,1999-09-01,5.282
IT,1999-10-01,5.521
IT,1999-11-01,5.246
IT,1999-12-01,5.36
IT,2000-01-01,5.748
IT,2000-02-01,5.726
IT,2000-03-01,5.577
IT,2000-04-01,5.466
IT,2000-05-01,5.665
IT,2000-06-01,5.51
IT,2000-07-01,5.591
IT,2000-08-01,5.563
IT,2000-09-01,5.632
IT,2000-10-01,5.578
IT,2000-11-01,5.548
IT,2000-12-01,5.298
IT,2001-01-01,5.183
IT,2001-02-01,5.184
IT,2001-03-01,5.13
IT,2001-04-01,5.282
IT,2001-05-01,5.449
IT,2001-06-01,5.399
IT,2001-07-01,5.416
IT,2001-08-01,5.215
IT,2001-09-01,5.196
IT,2001-10-01,4.964
IT,2001-11-01,4.8
IT,2001-12-01,5.047
IT,2002-01-01,5.142
IT,2002-02-01,5.199
IT,2002-03-01,5.411
IT,2002-04-01,5.404
IT,2002-05-01,5.406
IT,2002-06-01,5.255
IT,2002-07-01,5.109
IT,2002-08-01,4.828
IT,2002-09-01,4.618
IT,2002-10-01,4.757
IT,2002-11-01,4.735
IT,2002-12-01,4.548
IT,2003-01-01,4.375
IT,2003-02-01,4.157
IT,2003-03-01,4.185
IT,2003-04-01,4.312
IT,2003-05-01,4.035
IT,2003-06-01,3.822
IT,2003-07-01,4.132
IT,2003-08-01,4.293
IT,2003-09-01,4.314
IT,2003-10-01,4.382
IT,2003-11-01,4.511
IT,2003-12-01,4.459
IT,2004-01-01,4.317
IT,2004-02-01,4.343
IT,2004-03-01,4.169
IT,2004-04-01,4.351
IT,2004-05-01,4.493
IT,2004-06-01,4.544
IT,2004-07-01,4.44
IT,2004-08-01,4.277
IT,2004-09-01,4.251
IT,2004-10-01,4.129
IT,2004-11-01,4
IT,2004-12-01,3.792
IT,2005-01-01,3.711
IT,2005-02-01,3.678
IT,2005-03-01,3.837
IT,2005-04-01,3.653
IT,2005-05-01,3.553
IT,2005-06-01,3.405
IT,2005-07-01,3.438
IT,2005-08-01,3.449
IT,2005-09-01,3.287
IT,2005-10-01,3.444
IT,2005-11-01,3.655
IT,2005-12-01,3.553
IT,2006-01-01,3.544
IT,2006-02-01,3.697
IT,2006-03-01,3.923
IT,2006-04-01,4.222
IT,2006-05-01,4.285
IT,2006-06-01,4.295
IT,2006-07-01,4.306
IT,2006-08-01,4.171
IT,2006-09-01,4.036
IT,2006-10-01,4.07
IT,2006-11-01,3.97
IT,2006-12-01,4.038
IT,2007-01-01,4.263
IT,2007-02-01,4.28
IT,2007-03-01,4.176
IT,2007-04-01,4.37
IT,2007-05-01,4.49
IT,2007-06-01,4.772
IT,2007-07-01,4.76
IT,2007-08-01,4.584
IT,2007-09-01,4.574
IT,2007-10-01,4.591
IT,2007-11-01,4.449
IT,2007-12-01,4.538
IT,2008-01-01,4.399
IT,2008-02-01,4.354
IT,2008-03-01,4.377
IT,2008-04-01,4.532
IT,2008-05-01,4.703
IT,2008-06-01,5.106
IT,2008-07-01,5.095
IT,2008-08-01,4.814
IT,2008-09-01,4.804
IT,2008-10-01,4.78
IT,2008-11-01,4.743
IT,2008-12-01,4.469
IT,2009-01-01,4.621
IT,2009-02-01,4.536
IT,2009-03-01,4.458
IT,2009-04-01,4.356
IT,2009-05-01,4.415
IT,2009-06-01,4.606
IT,2009-07-01,4.373
IT,2009-08-01,4.116
IT,2009-09-01,4.088
IT,2009-10-01,4.101
IT,2009-11-01,4.057
IT,2009-12-01,4.007
IT,2010-01-01,4.078
IT,2010-02-01,4.047
IT,2010-03-01,3.945
IT,2010-04-01,3.996
IT,2010-05-01,3.985
IT,2010-06-01,4.102
IT,2010-07-01,4.026
IT,2010-08-01,3.802
IT,2010-09-01,3.862
IT,2010-10-01,3.8
IT,2010-11-01,4.184
IT,2010-12-01,4.603
IT,2011-01-01,4.729
IT,2011-02-01,4.736
IT,2011-03-01,4.875
IT,2011-04-01,4.841
IT,2011-05-01,4.756
IT,2011-06-01,4.816
IT,2011-07-01,5.463
IT,2011-08-01,5.271
IT,2011-09-01,5.746
IT,2011-10-01,5.972
IT,2011-11-01,7.057
IT,2011-12-01,6.812
IT,2012-01-01,6.537
IT,2012-02-01,5.546
IT,2012-03-01,5.049
IT,2012-04-01,5.676
IT,2012-05-01,5.783
IT,2012-06-01,5.904
IT,2012-07-01,5.996
IT,2012-08-01,5.822
IT,2012-09-01,5.254
IT,2012-10-01,4.953
IT,2012-11-01,4.851
IT,2012-12-01,4.542
IT,2013-01-01,4.208
IT,2013-02-01,4.493
IT,2013-03-01,4.64
IT,2013-04-01,4.278
IT,2013-05-01,3.964
IT,2013-06-01,4.379
IT,2013-07-01,4.418
IT,2013-08-01,4.419
IT,2013-09-01,4.541
IT,2013-10-01,4.248
IT,2013-11-01,4.095
IT,2013-12-01,4.114
IT,2014-01-01,3.866
IT,2014-02-01,3.651
IT,2014-03-01,3.399
IT,2014-04-01,3.228
IT,2014-05-01,3.123
IT,2014-06-01,2.92
IT,2014-07-01,2.794
IT,2014-08-01,2.633
IT,2014-09-01,2.4
IT,2014-10-01,2.424
IT,2014-11-01,2.29
IT,2014-12-01,1.99
IT,2015-01-01,1.702
IT,2015-02-01,1.557
IT,2015-03-01,1.294
IT,2015-04-01,1.357
IT,2015-05-01,1.812
IT,2015-06-01,2.199
IT,2015-07-01,2.042
IT,2015-08-01,1.839
IT,2015-09-01,1.92
IT,2015-10-01,1.696
IT,2015-11-01,1.57
IT,2015-12-01,1.579
IT,2016-01-01,1.534
IT,2016-02-01,1.558
IT,2016-03-01,1.375
IT,2016-04-01,1.442
IT,2016-05-01,1.526
IT,2016-06-01,1.453
IT,2016-07-01,1.227
IT,2016-08-01,1.176
IT,2016-09-01,1.266
IT,2016-10-01,1.45
IT,2016-11-01,1.943
IT,2016-12-01,1.886
IT,2017-01-01,1.991
IT,2017-02-01,2.352
IT,2017-03-01,2.401
IT,2017-04-01,2.257
IT,2017-05-01,2.194
IT,2017-06-01,2.053
IT,2017-07-01,2.231
IT,2017-08-01,2.11
IT,2017-09-01,2.109
IT,2017-10-01,2.074
IT,2017-11-01,1.789
IT,2017-12-01,1.795
IT,2018-01-01,1.984
IT,2018-02-01,2.081
IT,2018-03-01,1.965
IT,2018-04-01,1.773
IT,2018-05-01,2.18
IT,2018-06-01,2.744
IT,2018-07-01,2.643
IT,2018-08-01,3.161
IT,2018-09-01,2.959
IT,2018-10-01,3.469
IT,2018-11-01,3.39
IT,2018-12-01,2.975
IT,2019-01-01,2.77
IT,2019-02-01,2.812
IT,2019-03-01,2.69
IT,2019-04-01,2.618
IT,2019-05-01,2.644
IT,2019-06-01,2.284
IT,2019-07-01,1.654
IT,2019-08-01,1.404
IT,2019-09-01,0.902
IT,2019-10-01,1.004
IT,2019-11-01,1.266
IT,2019-12-01,1.37
IT,2020-01-01,1.275
IT,2020-02-01,0.955
IT,2020-03-01,1.551
IT,2020-04-01,1.799
IT,2020-05-01,1.762
IT,2020-06-01,1.455
IT,2020-07-01,1.196
IT,2020-08-01,1.032
IT,2020-09-01,0.981
IT,2020-10-01,0.77
IT,2020-11-01,0.664
IT,2020-12-01,0.578
IT,2021-01-01,0.616
IT,2021-02-01,0.59
IT,2021-03-01,0.704
IT,2021-04-01,0.797
IT,2021-05-01,0.984
IT,2021-06-01,0.875
IT,2021-07-01,0.748
IT,2021-08-01,0.628
IT,2021-09-01,0.777
IT,2021-10-01,0.955
IT,2021-11-01,1.01
IT,2021-12-01,1.047
IT,2022-01-01,1.346
IT,2022-02-01,1.794
IT,2022-03-01,1.854
IT,2022-04-01,2.436
IT,2022-05-01,2.99
IT,2022-06-01,3.635
IT,2022-07-01,3.359
IT,2022-08-01,3.297
IT,2022-09-01,4.138
IT,2022-10-01,4.532
IT,2022-11-01,4.243
IT,2022-12-01,4.257
IT,2023-01-01,4.243
IT,2023-02-01,4.27
IT,2023-03-01,4.24
IT,2023-04-01,4.234
IT,2023-05-01,4.313
IT,2023-06-01,4.074
IT,2023-07-01,4.157
IT,2023-08-01,4.221
IT,2023-09-01,4.513
IT,2023-10-01,4.885
IT,2023-11-01,4.428
IT,2023-12-01,3.821
IT,2024-01-01,3.811
IT,2024-02-01,3.872
IT,2024-03-01,3.696
IT,2024-04-01,3.856
IT,2024-05-01,3.844
IT,2024-06-01,3.942
IT,2024-07-01,3.83
IT,2024-08-01,3.682
IT,2024-09-01,3.565
IT,2024-10-01,3.501
IT,2024-11-01,3.569
IT,2024-12-01,3.321
IT,2025-01-01,3.676
IT,2025-02-01,3.575
IT,2025-03-01,3.887
IT,2025-04-01,3.712
IT,2025-05-01,3.629
IT,2025-06-01,3.501
IT,2025-07-01,3.537
IT,2025-08-01,3.539
IT,2025-09-01,3.559
IT,2025-10-01,3.442
PT,1993-07-01,10.665
PT,1993-08-01,10.369
PT,1993-09-01,9.735
PT,1993-10-01,9.269
PT,1993-11-01,9.386
PT,1993-12-01,9.189
PT,1994-01-01,8.934
PT,1994-02-01,8.583
PT,1994-03-01,8.97
PT,1994-04-01,9.255
PT,1994-05-01,9.957
PT,1994-06-01,10.843
PT,1994-07-01,11.335
PT,1994-08-01,11.418
PT,1994-09-01,11.749
PT,1994-10-01,11.59
PT,1994-11-01,11.507
PT,1994-12-01,11.602
PT,1995-01-01,11.789
PT,1995-02-01,11.705
PT,1995-03-01,11.978
PT,1995-04-01,12.171
PT,1995-05-01,11.915
PT,1995-06-01,11.894
PT,1995-07-01,11.693
PT,1995-08-01,11.311
PT,1995-09-01,11.145
PT,1995-10-01,11.218
PT,1995-11-01,10.737
PT,1995-12-01,10.028
PT,1996-01-01,9.443
PT,1996-02-01,9.454
PT,1996-03-01,9.461
PT,1996-04-01,9.063
PT,1996-05-01,8.971
PT,1996-06-01,8.88
PT,1996-07-01,8.713
PT,1996-08-01,8.706
PT,1996-09-01,8.316
PT,1996-10-01,7.589
PT,1996-11-01,7.174
PT,1996-12-01,6.947
PT,1997-01-01,6.72
PT,1997-02-01,6.663
PT,1997-03-01,6.866
PT,1997-04-01,6.796
PT,1997-05-01,6.488
PT,1997-06-01,6.406
PT,1997-07-01,6.262
PT,1997-08-01,6.35
PT,1997-09-01,6.132
PT,1997-10-01,5.984
PT,1997-11-01,5.96
PT,1997-12-01,5.674
PT,1998-01-01,5.405
PT,1998-02-01,5.32
PT,1998-03-01,5.251
PT,1998-04-01,5.172
PT,1998-05-01,5.181
PT,1998-06-01,5.057
PT,1998-07-01,4.954
PT,1998-08-01,4.759
PT,1998-09-01,4.457
PT,1998-10-01,4.435
PT,1998-11-01,4.425
PT,1998-12-01,4.122
PT,1999-01-01,3.897
PT,1999-02-01,4.021
PT,1999-03-01,4.241
PT,1999-04-01,4.134
PT,1999-05-01,4.323
PT,1999-06-01,4.661
PT,1999-07-01,4.991
PT,1999-08-01,5.216
PT,1999-09-01,5.412
PT,1999-10-01,5.624
PT,1999-11-01,5.36
PT,1999-12-01,5.462
PT,2000-01-01,5.81
PT,2000-02-01,5.775
PT,2000-03-01,5.609
PT,2000-04-01,5.52
PT,2000-05-01,5.678
PT,2000-06-01,5.54
PT,2000-07-01,5.609
PT,2000-08-01,5.567
PT,2000-09-01,5.63
PT,2000-10-01,5.577
PT,2000-11-01,5.533
PT,2000-12-01,5.28
PT,2001-01-01,5.158
PT,2001-02-01,5.141
PT,2001-03-01,5.088
PT,2001-04-01,5.265
PT,2001-05-01,5.424
PT,2001-06-01,5.379
PT,2001-07-01,5.391
PT,2001-08-01,5.19
PT,2001-09-01,5.171
PT,2001-10-01,4.918
PT,2001-11-01,4.757
PT,2001-12-01,5.008
PT,2002-01-01,5.077
PT,2002-02-01,5.148
PT,2002-03-01,5.39
PT,2002-04-01,5.39
PT,2002-05-01,5.403
PT,2002-06-01,5.263
PT,2002-07-01,5.116
PT,2002-08-01,4.851
PT,2002-09-01,4.631
PT,2002-10-01,4.701
PT,2002-11-01,4.655
PT,2002-12-01,4.452
PT,2003-01-01,4.27
PT,2003-02-01,4.043
PT,2003-03-01,4.081
PT,2003-04-01,4.184
PT,2003-05-01,3.911
PT,2003-06-01,3.774
PT,2003-07-01,4.098
PT,2003-08-01,4.264
PT,2003-09-01,4.293
PT,2003-10-01,4.356
PT,2003-11-01,4.484
PT,2003-12-01,4.403
PT,2004-01-01,4.254
PT,2004-02-01,4.188
PT,2004-03-01,3.995
PT,2004-04-01,4.246
PT,2004-05-01,4.422
PT,2004-06-01,4.472
PT,2004-07-01,4.352
PT,2004-08-01,4.183
PT,2004-09-01,4.117
PT,2004-10-01,3.994
PT,2004-11-01,3.861
PT,2004-12-01,3.644
PT,2005-01-01,3.559
PT,2005-02-01,3.551
PT,2005-03-01,3.696
PT,2005-04-01,3.502
PT,2005-05-01,3.353
PT,2005-06-01,3.191
PT,2005-07-01,3.349
PT,2005-08-01,3.39
PT,2005-09-01,3.233
PT,2005-10-01,3.387
PT,2005-11-01,3.582
PT,2005-12-01,3.462
PT,2006-01-01,3.451
PT,2006-02-01,3.599
PT,2006-03-01,3.771
PT,2006-04-01,4.031
PT,2006-05-01,4.07
PT,2006-06-01,4.097
PT,2006-07-01,4.144
PT,2006-08-01,4.059
PT,2006-09-01,3.931
PT,2006-10-01,3.975
PT,2006-11-01,3.887
PT,2006-12-01,3.961
PT,2007-01-01,4.179
PT,2007-02-01,4.189
PT,2007-03-01,4.103
PT,2007-04-01,4.302
PT,2007-05-01,4.441
PT,2007-06-01,4.745
PT,2007-07-01,4.728
PT,2007-08-01,4.555
PT,2007-09-01,4.503
PT,2007-10-01,4.516
PT,2007-11-01,4.361
PT,2007-12-01,4.468
PT,2008-01-01,4.309
PT,2008-02-01,4.266
PT,2008-03-01,4.361
PT,2008-04-01,4.52
PT,2008-05-01,4.604
PT,2008-06-01,4.961
PT,2008-07-01,4.953
PT,2008-08-01,4.692
PT,2008-09-01,4.661
PT,2008-10-01,4.557
PT,2008-11-01,4.35
PT,2008-12-01,4.004
PT,2009-01-01,4.315
PT,2009-02-01,4.517
PT,2009-03-01,4.676
PT,2009-04-01,4.526
PT,2009-05-01,4.291
PT,2009-06-01,4.501
PT,2009-07-01,4.251
PT,2009-08-01,3.949
PT,2009-09-01,3.935
PT,2009-10-01,3.85
PT,2009-11-01,3.804
PT,2009-12-01,3.907
PT,2010-01-01,4.171
PT,2010-02-01,4.564
PT,2010-03-01,4.309
PT,2010-04-01,4.777
PT,2010-05-01,5.021
PT,2010-06-01,5.544
PT,2010-07-01,5.493
PT,2010-08-01,5.306
PT,2010-09-01,6.077
PT,2010-10-01,6.049
PT,2010-11-01,6.912
PT,2010-12-01,6.527
PT,2011-01-01,6.945
PT,2011-02-01,7.336
PT,2011-03-01,7.796
PT,2011-04-01,9.186
PT,2011-05-01,9.633
PT,2011-06-01,10.865
PT,2011-07-01,12.152
PT,2011-08-01,10.93
PT,2011-09-01,11.341
PT,2011-10-01,11.716
PT,2011-11-01,11.892
PT,2011-12-01,13.079
PT,2012-01-01,13.849
PT,2012-02-01,12.814
PT,2012-03-01,13.007
PT,2012-04-01,12.006
PT,2012-05-01,11.585
PT,2012-06-01,10.557
PT,2012-07-01,10.492
PT,2012-08-01,9.885
PT,2012-09-01,8.62
PT,2012-10-01,8.173
PT,2012-11-01,8.32
PT,2012-12-01,7.252
PT,2013-01-01,6.24
PT,2013-02-01,6.396
PT,2013-03-01,6.102
PT,2013-04-01,6.152
PT,2013-05-01,5.456
PT,2013-06-01,6.298
PT,2013-07-01,6.869
PT,2013-08-01,6.598
PT,2013-09-01,7.062
PT,2013-10-01,6.333
PT,2013-11-01,5.978
PT,2013-12-01,6.04
PT,2014-01-01,5.212
PT,2014-02-01,4.935
PT,2014-03-01,4.43
PT,2014-04-01,3.818
PT,2014-05-01,3.661
PT,2014-06-01,3.503
PT,2014-07-01,3.687
PT,2014-08-01,3.473
PT,2014-09-01,3.178
PT,2014-10-01,3.212
PT,2014-11-01,3.128
PT,2014-12-01,2.809
PT,2015-01-01,2.486
PT,2015-02-01,2.322
PT,2015-03-01,1.742
PT,2015-04-01,1.869
PT,2015-05-01,2.413
PT,2015-06-01,2.932
PT,2015-07-01,2.738
PT,2015-08-01,2.515
PT,2015-09-01,2.586
PT,2015-10-01,2.409
PT,2015-11-01,2.573
PT,2015-12-01,2.489
PT,2016-01-01,2.708
PT,2016-02-01,3.228
PT,2016-03-01,2.839
PT,2016-04-01,3.126
PT,2016-05-01,3.145
PT,2016-06-01,3.201
PT,2016-07-01,3.056
PT,2016-08-01,2.912
PT,2016-09-01,3.256
PT,2016-10-01,3.326
PT,2016-11-01,3.514
PT,2016-12-01,3.742
PT,2017-01-01,3.949
PT,2017-02-01,4.043
PT,2017-03-01,3.992
PT,2017-04-01,3.774
PT,2017-05-01,3.287
PT,2017-06-01,2.968
PT,2017-07-01,3.025
PT,2017-08-01,2.828
PT,2017-09-01,2.63
PT,2017-10-01,2.322
PT,2017-11-01,1.981
PT,2017-12-01,1.828
PT,2018-01-01,1.846
PT,2018-02-01,2.032
PT,2018-03-01,1.79
PT,2018-04-01,1.662
PT,2018-05-01,1.838
PT,2018-06-01,1.866
PT,2018-07-01,1.761
PT,2018-08-01,1.819
PT,2018-09-01,1.881
PT,2018-10-01,1.956
PT,2018-11-01,1.905
PT,2018-12-01,1.706
PT,2019-01-01,1.665
PT,2019-02-01,1.547
PT,2019-03-01,1.317
PT,2019-04-01,1.18
PT,2019-05-01,1.022
PT,2019-06-01,0.586
PT,2019-07-01,0.443
PT,2019-08-01,0.173
PT,2019-09-01,0.204
PT,2019-10-01,0.187
PT,2019-11-01,0.349
PT,2019-12-01,0.407
PT,2020-01-01,0.37
PT,2020-02-01,0.247
PT,2020-03-01,0.706
PT,2020-04-01,0.968
PT,2020-05-01,0.808
PT,2020-06-01,0.527
PT,2020-07-01,0.4
PT,2020-08-01,0.355
PT,2020-09-01,0.319
PT,2020-10-01,0.177
PT,2020-11-01,0.072
PT,2020-12-01,0.027
PT,2021-01-01,0.027
PT,2021-02-01,0.162
PT,2021-03-01,0.232
PT,2021-04-01,0.349
PT,2021-05-01,0.53
PT,2021-06-01,0.43
PT,2021-07-01,0.274
PT,2021-08-01,0.143
PT,2021-09-01,0.258
PT,2021-10-01,0.393
PT,2021-11-01,0.389
PT,2021-12-01,0.355
PT,2022-01-01,0.581
PT,2022-02-01,1.059
PT,2022-03-01,1.155
PT,2022-04-01,1.761
PT,2022-05-01,2.137
PT,2022-06-01,2.65
PT,2022-07-01,2.26
PT,2022-08-01,2.158
PT,2022-09-01,2.892
PT,2022-10-01,3.264
PT,2022-11-01,3.021
PT,2022-12-01,3.103
PT,2023-01-01,3.132
PT,2023-02-01,3.274
PT,2023-03-01,3.27
PT,2023-04-01,3.203
PT,2023-05-01,3.158
PT,2023-06-01,3.093
PT,2023-07-01,3.231
PT,2023-08-01,3.305
PT,2023-09-01,3.446
PT,2023-10-01,3.586
PT,2023-11-01,3.301
PT,2023-12-01,2.855
PT,2024-01-01,2.965
PT,2024-02-01,3.062
PT,2024-03-01,3.017
PT,2024-04-01,3.135
PT,2024-05-01,3.164
PT,2024-06-01,3.187
PT,2024-07-01,3.099
PT,2024-08-01,2.875
PT,2024-09-01,2.778
PT,2024-10-01,2.732
PT,2024-11-01,2.789
PT,2024-12-01,2.684
PT,2025-01-01,2.959
PT,2025-02-01,2.953
PT,2025-03-01,3.292
PT,2025-04-01,3.114
PT,2025-05-01,3.077
PT,2025-06-01,3.023
PT,2025-07-01,3.105
PT,2025-08-01,3.12
PT,2025-09-01,3.133
PT,2025-10-01,3.021
ES,1991-11-01,11.457
ES,1991-12-01,11.319
ES,1992-01-01,10.927
ES,1992-02-01,10.792
ES,1992-03-01,10.796
ES,1992-04-01,10.852
ES,1992-05-01,10.835
ES,1992-06-01,11.342
ES,1992-07-01,11.84
ES,1992-08-01,12.223
ES,1992-09-01,12.645
ES,1992-10-01,12.999
ES,1992-11-01,12.54
ES,1992-12-01,12.532
ES,1993-01-01,12.155
ES,1993-02-01,11.431
ES,1993-03-01,11.356
ES,1993-04-01,11.486
ES,1993-05-01,11.223
ES,1993-06-01,10.56
ES,1993-07-01,10.216
ES,1993-08-01,9.482
ES,1993-09-01,9.089
ES,1993-10-01,8.688
ES,1993-11-01,8.563
ES,1993-12-01,8.284
ES,1994-01-01,7.977
ES,1994-02-01,8.07
ES,1994-03-01,8.823
ES,1994-04-01,9.068
ES,1994-05-01,9.548
ES,1994-06-01,10.283
ES,1994-07-01,10.588
ES,1994-08-01,10.678
ES,1994-09-01,11.222
ES,1994-10-01,11.135
ES,1994-11-01,11.166
ES,1994-12-01,11.381
ES,1995-01-01,11.862
ES,1995-02-01,11.596
ES,1995-03-01,12.261
ES,1995-04-01,12.092
ES,1995-05-01,11.411
ES,1995-06-01,11.538
ES,1995-07-01,11.334
ES,1995-08-01,10.972
ES,1995-09-01,10.803
ES,1995-10-01,10.892
ES,1995-11-01,10.541
ES,1995-12-01,9.948
ES,1996-01-01,9.464
ES,1996-02-01,9.706
ES,1996-03-01,9.893
ES,1996-04-01,9.326
ES,1996-05-01,9.173
ES,1996-06-01,9.108
ES,1996-07-01,8.776
ES,1996-08-01,8.861
ES,1996-09-01,8.434
ES,1996-10-01,7.762
ES,1996-11-01,7.342
ES,1996-12-01,6.997
ES,1997-01-01,6.83
ES,1997-02-01,6.741
ES,1997-03-01,7.033
ES,1997-04-01,6.953
ES,1997-05-01,6.614
ES,1997-06-01,6.466
ES,1997-07-01,6.212
ES,1997-08-01,6.306
ES,1997-09-01,6.086
ES,1997-10-01,5.975
ES,1997-11-01,5.957
ES,1997-12-01,5.644
ES,1998-01-01,5.397
ES,1998-02-01,5.235
ES,1998-03-01,5.086
ES,1998-04-01,5.064
ES,1998-05-01,5.131
ES,1998-06-01,5.019
ES,1998-07-01,4.94
ES,1998-08-01,4.741
ES,1998-09-01,4.475
ES,1998-10-01,4.428
ES,1998-11-01,4.405
ES,1998-12-01,4.074
ES,1999-01-01,3.879
ES,1999-02-01,4.022
ES,1999-03-01,4.255
ES,1999-04-01,4.085
ES,1999-05-01,4.275
ES,1999-06-01,4.605
ES,1999-07-01,4.913
ES,1999-08-01,5.169
ES,1999-09-01,5.315
ES,1999-10-01,5.562
ES,1999-11-01,5.279
ES,1999-12-01,5.373
ES,2000-01-01,5.758
ES,2000-02-01,5.732
ES,2000-03-01,5.549
ES,2000-04-01,5.451
ES,2000-05-01,5.626
ES,2000-06-01,5.454
ES,2000-07-01,5.534
ES,2000-08-01,5.5
ES,2000-09-01,5.559
ES,2000-10-01,5.495
ES,2000-11-01,5.446
ES,2000-12-01,5.203
ES,2001-01-01,5.079
ES,2001-02-01,5.117
ES,2001-03-01,5.041
ES,2001-04-01,5.179
ES,2001-05-01,5.363
ES,2001-06-01,5.327
ES,2001-07-01,5.347
ES,2001-08-01,5.155
ES,2001-09-01,5.139
ES,2001-10-01,4.909
ES,2001-11-01,4.763
ES,2001-12-01,4.969
ES,2002-01-01,5.047
ES,2002-02-01,5.107
ES,2002-03-01,5.338
ES,2002-04-01,5.335
ES,2002-05-01,5.362
ES,2002-06-01,5.229
ES,2002-07-01,5.07
ES,2002-08-01,4.778
ES,2002-09-01,4.574
ES,2002-10-01,4.626
ES,2002-11-01,4.601
ES,2002-12-01,4.425
ES,2003-01-01,4.239
ES,2003-02-01,4.01
ES,2003-03-01,4.036
ES,2003-04-01,4.187
ES,2003-05-01,3.878
ES,2003-06-01,3.69
ES,2003-07-01,4.033
ES,2003-08-01,4.191
ES,2003-09-01,4.209
ES,2003-10-01,4.268
ES,2003-11-01,4.401
ES,2003-12-01,4.339
ES,2004-01-01,4.19
ES,2004-02-01,4.145
ES,2004-03-01,4.012
ES,2004-04-01,4.199
ES,2004-05-01,4.333
ES,2004-06-01,4.39
ES,2004-07-01,4.28
ES,2004-08-01,4.147
ES,2004-09-01,4.084
ES,2004-10-01,3.967
ES,2004-11-01,3.851
ES,2004-12-01,3.643
ES,2005-01-01,3.587
ES,2005-02-01,3.58
ES,2005-03-01,3.736
ES,2005-04-01,3.53
ES,2005-05-01,3.361
ES,2005-06-01,3.184
ES,2005-07-01,3.22
ES,2005-08-01,3.234
ES,2005-09-01,3.088
ES,2005-10-01,3.278
ES,2005-11-01,3.479
ES,2005-12-01,3.37
ES,2006-01-01,3.334
ES,2006-02-01,3.484
ES,2006-03-01,3.655
ES,2006-04-01,3.92
ES,2006-05-01,3.99
ES,2006-06-01,3.987
ES,2006-07-01,4.022
ES,2006-08-01,3.89
ES,2006-09-01,3.763
ES,2006-10-01,3.811
ES,2006-11-01,3.746
ES,2006-12-01,3.817
ES,2007-01-01,4.073
ES,2007-02-01,4.104
ES,2007-03-01,4.006
ES,2007-04-01,4.21
ES,2007-05-01,4.337
ES,2007-06-01,4.62
ES,2007-07-01,4.596
ES,2007-08-01,4.401
ES,2007-09-01,4.356
ES,2007-10-01,4.379
ES,2007-11-01,4.247
ES,2007-12-01,4.348
ES,2008-01-01,4.184
ES,2008-02-01,4.146
ES,2008-03-01,4.124
ES,2008-04-01,4.316
ES,2008-05-01,4.426
ES,2008-06-01,4.791
ES,2008-07-01,4.799
ES,2008-08-01,4.559
ES,2008-09-01,4.569
ES,2008-10-01,4.465
ES,2008-11-01,4.147
ES,2008-12-01,3.858
ES,2009-01-01,4.146
ES,2009-02-01,4.234
ES,2009-03-01,4.062
ES,2009-04-01,4.011
ES,2009-05-01,4.057
ES,2009-06-01,4.246
ES,2009-07-01,4.014
ES,2009-08-01,3.792
ES,2009-09-01,3.806
ES,2009-10-01,3.777
ES,2009-11-01,3.789
ES,2009-12-01,3.807
ES,2010-01-01,3.993
ES,2010-02-01,3.981
ES,2010-03-01,3.83
ES,2010-04-01,3.903
ES,2010-05-01,4.083
ES,2010-06-01,4.556
ES,2010-07-01,4.433
ES,2010-08-01,4.038
ES,2010-09-01,4.094
ES,2010-10-01,4.039
ES,2010-11-01,4.69
ES,2010-12-01,5.376
ES,2011-01-01,5.38
ES,2011-02-01,5.262
ES,2011-03-01,5.253
ES,2011-04-01,5.333
ES,2011-05-01,5.322
ES,2011-06-01,5.481
ES,2011-07-01,5.825
ES,2011-08-01,5.252
ES,2011-09-01,5.2
ES,2011-10-01,5.255
ES,2011-11-01,6.195
ES,2011-12-01,5.531
ES,2012-01-01,5.405
ES,2012-02-01,5.109
ES,2012-03-01,5.17
ES,2012-04-01,5.791
ES,2012-05-01,6.125
ES,2012-06-01,6.591
ES,2012-07-01,6.794
ES,2012-08-01,6.58
ES,2012-09-01,5.913
ES,2012-10-01,5.644
ES,2012-11-01,5.69
ES,2012-12-01,5.343
ES,2013-01-01,5.053
ES,2013-02-01,5.216
ES,2013-03-01,4.92
ES,2013-04-01,4.591
ES,2013-05-01,4.247
ES,2013-06-01,4.67
ES,2013-07-01,4.668
ES,2013-08-01,4.502
ES,2013-09-01,4.416
ES,2013-10-01,4.217
ES,2013-11-01,4.102
ES,2013-12-01,4.133
ES,2014-01-01,3.785
ES,2014-02-01,3.563
ES,2014-03-01,3.313
ES,2014-04-01,3.105
ES,2014-05-01,2.932
ES,2014-06-01,2.715
ES,2014-07-01,2.675
ES,2014-08-01,2.407
ES,2014-09-01,2.195
ES,2014-10-01,2.115
ES,2014-11-01,2.072
ES,2014-12-01,1.783
ES,2015-01-01,1.543
ES,2015-02-01,1.518
ES,2015-03-01,1.229
ES,2015-04-01,1.31
ES,2015-05-01,1.784
ES,2015-06-01,2.223
ES,2015-07-01,2.1
ES,2015-08-01,1.957
ES,2015-09-01,2.025
ES,2015-10-01,1.725
ES,2015-11-01,1.719
ES,2015-12-01,1.685
ES,2016-01-01,1.719
ES,2016-02-01,1.724
ES,2016-03-01,1.542
ES,2016-04-01,1.526
ES,2016-05-01,1.57
ES,2016-06-01,1.48
ES,2016-07-01,1.173
ES,2016-08-01,1.008
ES,2016-09-01,1.041
ES,2016-10-01,1.072
ES,2016-11-01,1.426
ES,2016-12-01,1.44
ES,2017-01-01,1.458
ES,2017-02-01,1.703
ES,2017-03-01,1.717
ES,2017-04-01,1.613
ES,2017-05-01,1.571
ES,2017-06-01,1.453
ES,2017-07-01,1.599
ES,2017-08-01,1.483
ES,2017-09-01,1.537
ES,2017-10-01,1.605
ES,2017-11-01,1.486
ES,2017-12-01,1.443
ES,2018-01-01,1.473
ES,2018-02-01,1.509
ES,2018-03-01,1.334
ES,2018-04-01,1.206
ES,2018-05-01,1.389
ES,2018-06-01,1.371
ES,2018-07-01,1.325
ES,2018-08-01,1.396
ES,2018-09-01,1.459
ES,2018-10-01,1.595
ES,2018-11-01,1.587
ES,2018-12-01,1.423
ES,2019-01-01,1.376
ES,2019-02-01,1.306
ES,2019-03-01,1.134
ES,2019-04-01,1.049
ES,2019-05-01,0.873
ES,2019-06-01,0.496
ES,2019-07-01,0.354
ES,2019-08-01,0.141
ES,2019-09-01,0.18
ES,2019-10-01,0.203
ES,2019-11-01,0.386
ES,2019-12-01,0.435
ES,2020-01-01,0.42
ES,2020-02-01,0.272
ES,2020-03-01,0.523
ES,2020-04-01,0.824
ES,2020-05-01,0.742
ES,2020-06-01,0.511
ES,2020-07-01,0.371
ES,2020-08-01,0.293
ES,2020-09-01,0.272
ES,2020-10-01,0.167
ES,2020-11-01,0.093
ES,2020-12-01,0.039
ES,2021-01-01,0.075
ES,2021-02-01,0.225
ES,2021-03-01,0.308
ES,2021-04-01,0.369
ES,2021-05-01,0.519
ES,2021-06-01,0.448
ES,2021-07-01,0.331
ES,2021-08-01,0.214
ES,2021-09-01,0.327
ES,2021-10-01,0.468
ES,2021-11-01,0.473
ES,2021-12-01,0.412
ES,2022-01-01,0.663
ES,2022-02-01,1.106
ES,2022-03-01,1.218
ES,2022-04-01,1.685
ES,2022-05-01,2.041
ES,2022-06-01,2.63
ES,2022-07-01,2.314
ES,2022-08-01,2.146
ES,2022-09-01,2.917
ES,2022-10-01,3.293
ES,2022-11-01,3.065
ES,2022-12-01,3.088
ES,2023-01-01,3.204
ES,2023-02-01,3.385
ES,2023-03-01,3.433
ES,2023-04-01,3.398
ES,2023-05-01,3.413
ES,2023-06-01,3.398
ES,2023-07-01,3.49
ES,2023-08-01,3.571
ES,2023-09-01,3.713
ES,2023-10-01,3.946
ES,2023-11-01,3.646
ES,2023-12-01,3.117
ES,2024-01-01,3.175
ES,2024-02-01,3.268
ES,2024-03-01,3.189
ES,2024-04-01,3.271
ES,2024-05-01,3.299
ES,2024-06-01,3.349
ES,2024-07-01,3.275
ES,2024-08-01,3.069
ES,2024-09-01,2.986
ES,2024-10-01,2.963
ES,2024-11-01,3.053
ES,2024-12-01,2.886
ES,2025-01-01,3.173
ES,2025-02-01,3.1
ES,2025-03-01,3.391
ES,2025-04-01,3.229
ES,2025-05-01,3.204
ES,2025-06-01,3.164
ES,2025-07-01,3.241
ES,2025-08-01,3.256
ES,2025-09-01,3.262
ES,2025-10-01,3.147
DE,1990-01-01,7.63
DE,1990-02-01,8.43
DE,1990-03-01,8.67
DE,1990-04-01,8.7
DE,1990-05-01,8.74
DE,1990-06-01,8.82
DE,1990-07-01,8.58
DE,1990-08-01,8.9
DE,1990-09-01,9.09
DE,1990-10-01,9.09
DE,1990-11-01,8.95
DE,1990-12-01,8.85
DE,1991-01-01,8.94
DE,1991-02-01,8.42
DE,1991-03-01,8.41
DE,1991-04-01,8.39
DE,1991-05-01,8.39
DE,1991-06-01,8.39
DE,1991-07-01,8.61
DE,1991-08-01,8.56
DE,1991-09-01,8.45
DE,1991-10-01,8.36
DE,1991-11-01,8.34
DE,1991-12-01,8.24
DE,1992-01-01,7.98
DE,1992-02-01,7.92
DE,1992-03-01,8
DE,1992-04-01,8.04
DE,1992-05-01,8.08
DE,1992-06-01,8.06
DE,1992-07-01,8.12
DE,1992-08-01,8.08
DE,1992-09-01,7.71
DE,1992-10-01,7.47
DE,1992-11-01,7.38
DE,1992-12-01,7.33
DE,1993-01-01,7.15
DE,1993-02-01,6.94
DE,1993-03-01,6.66
DE,1993-04-01,6.68
DE,1993-05-01,6.83
DE,1993-06-01,6.81
DE,1993-07-01,6.62
DE,1993-08-01,6.41
DE,1993-09-01,6.2
DE,1993-10-01,6
DE,1993-11-01,5.98
DE,1993-12-01,5.85
DE,1994-01-01,5.8
DE,1994-02-01,6.07
DE,1994-03-01,6.34
DE,1994-04-01,6.48
DE,1994-05-01,6.66
DE,1994-06-01,7.05
DE,1994-07-01,6.9
DE,1994-08-01,7.09
DE,1994-09-01,7.52
DE,1994-10-01,7.54
DE,1994-11-01,7.49
DE,1994-12-01,7.46
DE,1995-01-01,7.6
DE,1995-02-01,7.42
DE,1995-03-01,7.28
DE,1995-04-01,7.09
DE,1995-05-01,6.86
DE,1995-06-01,6.78
DE,1995-07-01,6.86
DE,1995-08-01,6.74
DE,1995-09-01,6.59
DE,1995-10-01,6.57
DE,1995-11-01,6.34
DE,1995-12-01,6.07
DE,1996-01-01,5.89
DE,1996-02-01,6.2
DE,1996-03-01,6.44
DE,1996-04-01,6.38
DE,1996-05-01,6.45
DE,1996-06-01,6.56
DE,1996-07-01,6.48
DE,1996-08-01,6.3
DE,1996-09-01,6.23
DE,1996-10-01,6.01
DE,1996-11-01,5.86
DE,1996-12-01,5.79
DE,1997-01-01,5.8
DE,1997-02-01,5.55
DE,1997-03-01,5.71
DE,1997-04-01,5.87
DE,1997-05-01,5.76
DE,1997-06-01,5.72
DE,1997-07-01,5.56
DE,1997-08-01,5.66
DE,1997-09-01,5.59
DE,1997-10-01,5.58
DE,1997-11-01,5.56
DE,1997-12-01,5.33
DE,1998-01-01,5.11
DE,1998-02-01,4.99
DE,1998-03-01,4.9
DE,1998-04-01,4.9
DE,1998-05-01,4.96
DE,1998-06-01,4.8
DE,1998-07-01,4.68
DE,1998-08-01,4.42
DE,1998-09-01,4.06
DE,1998-10-01,4.06
DE,1998-11-01,4.12
DE,1998-12-01,3.86
DE,1999-01-01,3.7
DE,1999-02-01,3.85
DE,1999-03-01,4.04
DE,1999-04-01,3.85
DE,1999-05-01,4.01
DE,1999-06-01,4.36
DE,1999-07-01,4.68
DE,1999-08-01,4.88
DE,1999-09-01,5.04
DE,1999-10-01,5.29
DE,1999-11-01,5.04
DE,1999-12-01,5.15
DE,2000-01-01,5.54
DE,2000-02-01,5.51
DE,2000-03-01,5.33
DE,2000-04-01,5.22
DE,2000-05-01,5.38
DE,2000-06-01,5.19
DE,2000-07-01,5.27
DE,2000-08-01,5.21
DE,2000-09-01,5.26
DE,2000-10-01,5.21
DE,2000-11-01,5.15
DE,2000-12-01,4.89
DE,2001-01-01,4.8
DE,2001-02-01,4.78
DE,2001-03-01,4.67
DE,2001-04-01,4.83
DE,2001-05-01,5.05
DE,2001-06-01,5
DE,2001-07-01,5.02
DE,2001-08-01,4.82
DE,2001-09-01,4.81
DE,2001-10-01,4.6
DE,2001-11-01,4.45
DE,2001-12-01,4.74
DE,2002-01-01,4.86
DE,2002-02-01,4.92
DE,2002-03-01,5.16
DE,2002-04-01,5.15
DE,2002-05-01,5.17
DE,2002-06-01,5.02
DE,2002-07-01,4.87
DE,2002-08-01,4.59
DE,2002-09-01,4.38
DE,2002-10-01,4.46
DE,2002-11-01,4.48
DE,2002-12-01,4.33
DE,2003-01-01,4.18
DE,2003-02-01,3.95
DE,2003-03-01,4
DE,2003-04-01,4.15
DE,2003-05-01,3.82
DE,2003-06-01,3.62
DE,2003-07-01,3.97
DE,2003-08-01,4.13
DE,2003-09-01,4.17
DE,2003-10-01,4.22
DE,2003-11-01,4.35
DE,2003-12-01,4.29
DE,2004-01-01,4.17
DE,2004-02-01,4.11
DE,2004-03-01,3.91
DE,2004-04-01,4.1
DE,2004-05-01,4.25
DE,2004-06-01,4.31
DE,2004-07-01,4.24
DE,2004-08-01,4.08
DE,2004-09-01,4.02
DE,2004-10-01,3.89
DE,2004-11-01,3.78
DE,2004-12-01,3.58
DE,2005-01-01,3.56
DE,2005-02-01,3.54
DE,2005-03-01,3.7
DE,2005-04-01,3.48
DE,2005-05-01,3.3
DE,2005-06-01,3.13
DE,2005-07-01,3.2
DE,2005-08-01,3.23
DE,2005-09-01,3.07
DE,2005-10-01,3.24
DE,2005-11-01,3.45
DE,2005-12-01,3.34
DE,2006-01-01,3.32
DE,2006-02-01,3.47
DE,2006-03-01,3.64
DE,2006-04-01,3.89
DE,2006-05-01,3.96
DE,2006-06-01,3.96
DE,2006-07-01,4.01
DE,2006-08-01,3.88
DE,2006-09-01,3.75
DE,2006-10-01,3.79
DE,2006-11-01,3.71
DE,2006-12-01,3.77
DE,2007-01-01,4.02
DE,2007-02-01,4.05
DE,2007-03-01,3.94
DE,2007-04-01,4.15
DE,2007-05-01,4.28
DE,2007-06-01,4.56
DE,2007-07-01,4.5
DE,2007-08-01,4.3
DE,2007-09-01,4.22
DE,2007-10-01,4.28
DE,2007-11-01,4.09
DE,2007-12-01,4.21
DE,2008-01-01,4.03
DE,2008-02-01,3.95
DE,2008-03-01,3.8
DE,2008-04-01,4.04
DE,2008-05-01,4.2
DE,2008-06-01,4.52
DE,2008-07-01,4.49
DE,2008-08-01,4.2
DE,2008-09-01,4.09
DE,2008-10-01,3.88
DE,2008-11-01,3.56
DE,2008-12-01,3.05
DE,2009-01-01,3.07
DE,2009-02-01,3.13
DE,2009-03-01,3.02
DE,2009-04-01,3.13
DE,2009-05-01,3.37
DE,2009-06-01,3.47
DE,2009-07-01,3.34
DE,2009-08-01,3.31
DE,2009-09-01,3.26
DE,2009-10-01,3.21
DE,2009-11-01,3.22
DE,2009-12-01,3.14
DE,2010-01-01,3.26
DE,2010-02-01,3.17
DE,2010-03-01,3.1
DE,2010-04-01,3.06
DE,2010-05-01,2.73
DE,2010-06-01,2.54
DE,2010-07-01,2.62
DE,2010-08-01,2.35
DE,2010-09-01,2.3
DE,2010-10-01,2.35
DE,2010-11-01,2.53
DE,2010-12-01,2.91
DE,2011-01-01,3.02
DE,2011-02-01,3.2
DE,2011-03-01,3.21
DE,2011-04-01,3.34
DE,2011-05-01,3.06
DE,2011-06-01,2.89
DE,2011-07-01,2.74
DE,2011-08-01,2.21
DE,2011-09-01,1.83
DE,2011-10-01,2
DE,2011-11-01,1.87
DE,2011-12-01,1.93
DE,2012-01-01,1.82
DE,2012-02-01,1.85
DE,2012-03-01,1.83
DE,2012-04-01,1.62
DE,2012-05-01,1.34
DE,2012-06-01,1.3
DE,2012-07-01,1.24
DE,2012-08-01,1.34
DE,2012-09-01,1.49
DE,2012-10-01,1.47
DE,2012-11-01,1.34
DE,2012-12-01,1.3
DE,2013-01-01,1.51
DE,2013-02-01,1.54
DE,2013-03-01,1.35
DE,2013-04-01,1.2
DE,2013-05-01,1.29
DE,2013-06-01,1.53
DE,2013-07-01,1.56
DE,2013-08-01,1.73
DE,2013-09-01,1.89
DE,2013-10-01,1.76
DE,2013-11-01,1.68
DE,2013-12-01,1.8
DE,2014-01-01,1.76
DE,2014-02-01,1.56
DE,2014-03-01,1.51
DE,2014-04-01,1.46
DE,2014-05-01,1.33
DE,2014-06-01,1.26
DE,2014-07-01,1.11
DE,2014-08-01,0.95
DE,2014-09-01,0.92
DE,2014-10-01,0.79
DE,2014-11-01,0.72
DE,2014-12-01,0.59
DE,2015-01-01,0.39
DE,2015-02-01,0.3
DE,2015-03-01,0.23
DE,2015-04-01,0.12
DE,2015-05-01,0.56
DE,2015-06-01,0.79
DE,2015-07-01,0.71
DE,2015-08-01,0.61
DE,2015-09-01,0.65
DE,2015-10-01,0.52
DE,2015-11-01,0.52
DE,2015-12-01,0.55
DE,2016-01-01,0.43
DE,2016-02-01,0.17
DE,2016-03-01,0.17
DE,2016-04-01,0.13
DE,2016-05-01,0.13
DE,2016-06-01,-0.02
DE,2016-07-01,-0.15
DE,2016-08-01,-0.13
DE,2016-09-01,-0.09
DE,2016-10-01,0
DE,2016-11-01,0.19
DE,2016-12-01,0.25
DE,2017-01-01,0.25
DE,2017-02-01,0.26
DE,2017-03-01,0.35
DE,2017-04-01,0.22
DE,2017-05-01,0.34
DE,2017-06-01,0.25
DE,2017-07-01,0.46
DE,2017-08-01,0.35
DE,2017-09-01,0.35
DE,2017-10-01,0.37
DE,2017-11-01,0.31
DE,2017-12-01,0.3
DE,2018-01-01,0.47
DE,2018-02-01,0.66
DE,2018-03-01,0.53
DE,2018-04-01,0.48
DE,2018-05-01,0.45
DE,2018-06-01,0.33
DE,2018-07-01,0.28
DE,2018-08-01,0.29
DE,2018-09-01,0.37
DE,2018-10-01,0.4
DE,2018-11-01,0.31
DE,2018-12-01,0.19
DE,2019-01-01,0.13
DE,2019-02-01,0.06
DE,2019-03-01,0.01
DE,2019-04-01,-0.04
DE,2019-05-01,-0.13
DE,2019-06-01,-0.31
DE,2019-07-01,-0.39
DE,2019-08-01,-0.65
DE,2019-09-01,-0.59
DE,2019-10-01,-0.47
DE,2019-11-01,-0.35
DE,2019-12-01,-0.3
DE,2020-01-01,-0.31
DE,2020-02-01,-0.47
DE,2020-03-01,-0.54
DE,2020-04-01,-0.45
DE,2020-05-01,-0.516
DE,2020-06-01,-0.434
DE,2020-07-01,-0.523
DE,2020-08-01,-0.522
DE,2020-09-01,-0.524
DE,2020-10-01,-0.607
DE,2020-11-01,-0.614
DE,2020-12-01,-0.618
DE,2021-01-01,-0.583
DE,2021-02-01,-0.446
DE,2021-03-01,-0.364
DE,2021-04-01,-0.325
DE,2021-05-01,-0.223
DE,2021-06-01,-0.288
DE,2021-07-01,-0.45
DE,2021-08-01,-0.539
DE,2021-09-01,-0.363
DE,2021-10-01,-0.206
DE,2021-11-01,-0.312
DE,2021-12-01,-0.383
DE,2022-01-01,-0.115
DE,2022-02-01,0.15
DE,2022-03-01,0.282
DE,2022-04-01,0.745
DE,2022-05-01,0.953
DE,2022-06-01,1.446
DE,2022-07-01,1.082
DE,2022-08-01,1.033
DE,2022-09-01,1.796
DE,2022-10-01,2.186
DE,2022-11-01,2.066
DE,2022-12-01,2.085
DE,2023-01-01,2.192
DE,2023-02-01,2.37
DE,2023-03-01,2.383
DE,2023-04-01,2.359
DE,2023-05-01,2.341
DE,2023-06-01,2.377
DE,2023-07-01,2.457
DE,2023-08-01,2.545
DE,2023-09-01,2.66
DE,2023-10-01,2.823
DE,2023-11-01,2.602
DE,2023-12-01,2.101
DE,2024-01-01,2.175
DE,2024-02-01,2.331
DE,2024-03-01,2.349
DE,2024-04-01,2.446
DE,2024-05-01,2.518
DE,2024-06-01,2.484
DE,2024-07-01,2.458
DE,2024-08-01,2.208
DE,2024-09-01,2.166
DE,2024-10-01,2.228
DE,2024-11-01,2.305
DE,2024-12-01,2.178
DE,2025-01-01,2.484
DE,2025-02-01,2.405
DE,2025-03-01,2.741
DE,2025-04-01,2.511
DE,2025-05-01,2.562
DE,2025-06-01,2.52
DE,2025-07-01,2.631
DE,2025-08-01,2.674
DE,2025-09-01,2.693
DE,2025-10-01,2.617
FR,1986-01-01,10.05
FR,1986-02-01,9.81
FR,1986-03-01,8.81
FR,1986-04-01,8.04
FR,1986-05-01,7.9
FR,1986-06-01,8.06
FR,1986-07-01,7.95
FR,1986-08-01,7.76
FR,1986-09-01,7.56
FR,1986-10-01,7.99
FR,1986-11-01,8.66
FR,1986-12-01,8.81
FR,1987-01-01,8.86
FR,1987-02-01,9.12
FR,1987-03-01,8.67
FR,1987-04-01,8.69
FR,1987-05-01,8.94
FR,1987-06-01,9.32
FR,1987-07-01,9.37
FR,1987-08-01,9.83
FR,1987-09-01,10.25
FR,1987-10-01,10.7
FR,1987-11-01,9.96
FR,1987-12-01,9.98
FR,1988-01-01,9.81
FR,1988-02-01,9.13
FR,1988-03-01,9.26
FR,1988-04-01,9.2
FR,1988-05-01,9.25
FR,1988-06-01,8.96
FR,1988-07-01,8.98
FR,1988-08-01,9.24
FR,1988-09-01,9.01
FR,1988-10-01,8.76
FR,1988-11-01,8.74
FR,1988-12-01,8.69
FR,1989-01-01,8.57
FR,1989-02-01,8.95
FR,1989-03-01,9.08
FR,1989-04-01,8.86
FR,1989-05-01,8.82
FR,1989-06-01,8.67
FR,1989-07-01,8.55
FR,1989-08-01,8.35
FR,1989-09-01,8.55
FR,1989-10-01,8.81
FR,1989-11-01,9.05
FR,1989-12-01,9.12
FR,1990-01-01,9.54
FR,1990-02-01,9.97
FR,1990-03-01,9.98
FR,1990-04-01,9.59
FR,1990-05-01,9.56
FR,1990-06-01,9.69
FR,1990-07-01,9.59
FR,1990-08-01,10.06
FR,1990-09-01,10.49
FR,1990-10-01,10.38
FR,1990-11-01,10.21
FR,1990-12-01,9.94
FR,1991-01-01,9.77
FR,1991-02-01,9.12
FR,1991-03-01,9.05
FR,1991-04-01,8.9
FR,1991-05-01,8.88
FR,1991-06-01,9.15
FR,1991-07-01,9.19
FR,1991-08-01,9.11
FR,1991-09-01,8.88
FR,1991-10-01,8.8
FR,1991-11-01,8.81
FR,1991-12-01,8.8
FR,1992-01-01,8.46
FR,1992-02-01,8.46
FR,1992-03-01,8.59
FR,1992-04-01,8.68
FR,1992-05-01,8.59
FR,1992-06-01,8.74
FR,1992-07-01,8.9
FR,1992-08-01,9.05
FR,1992-09-01,8.75
FR,1992-10-01,8.44
FR,1992-11-01,8.15
FR,1992-12-01,8.21
FR,1993-01-01,7.97
FR,1993-02-01,7.79
FR,1993-03-01,7.35
FR,1993-04-01,7.16
FR,1993-05-01,7.19
FR,1993-06-01,7.01
FR,1993-07-01,6.75
FR,1993-08-01,6.34
FR,1993-09-01,6.14
FR,1993-10-01,5.98
FR,1993-11-01,6.03
FR,1993-12-01,5.8
FR,1994-01-01,5.67
FR,1994-02-01,5.97
FR,1994-03-01,6.38
FR,1994-04-01,6.69
FR,1994-05-01,6.98
FR,1994-06-01,7.5
FR,1994-07-01,7.39
FR,1994-08-01,7.65
FR,1994-09-01,8.1
FR,1994-10-01,8.19
FR,1994-11-01,8.14
FR,1994-12-01,8.03
FR,1995-01-01,8.22
FR,1995-02-01,8.01
FR,1995-03-01,8.03
FR,1995-04-01,7.81
FR,1995-05-01,7.52
FR,1995-06-01,7.45
FR,1995-07-01,7.45
FR,1995-08-01,7.33
FR,1995-09-01,7.35
FR,1995-10-01,7.49
FR,1995-11-01,7.04
FR,1995-12-01,6.71
FR,1996-01-01,6.47
FR,1996-02-01,6.6
FR,1996-03-01,6.65
FR,1996-04-01,6.51
FR,1996-05-01,6.47
FR,1996-06-01,6.56
FR,1996-07-01,6.49
FR,1996-08-01,6.41
FR,1996-09-01,6.29
FR,1996-10-01,5.98
FR,1996-11-01,5.83
FR,1996-12-01,5.75
FR,1997-01-01,5.69
FR,1997-02-01,5.45
FR,1997-03-01,5.67
FR,1997-04-01,5.81
FR,1997-05-01,5.71
FR,1997-06-01,5.65
FR,1997-07-01,5.44
FR,1997-08-01,5.59
FR,1997-09-01,5.53
FR,1997-10-01,5.6
FR,1997-11-01,5.57
FR,1997-12-01,5.32
FR,1998-01-01,5.12
FR,1998-02-01,5.04
FR,1998-03-01,4.96
FR,1998-04-01,4.97
FR,1998-05-01,5.01
FR,1998-06-01,4.86
FR,1998-07-01,4.78
FR,1998-08-01,4.53
FR,1998-09-01,4.2
FR,1998-10-01,4.19
FR,1998-11-01,4.2
FR,1998-12-01,3.91
FR,1999-01-01,3.78
FR,1999-02-01,3.94
FR,1999-03-01,4.14
FR,1999-04-01,3.99
FR,1999-05-01,4.17
FR,1999-06-01,4.49
FR,1999-07-01,4.82
FR,1999-08-01,5.02
FR,1999-09-01,5.2
FR,1999-10-01,5.44
FR,1999-11-01,5.15
FR,1999-12-01,5.29
FR,2000-01-01,5.66
FR,2000-02-01,5.62
FR,2000-03-01,5.43
FR,2000-04-01,5.33
FR,2000-05-01,5.5
FR,2000-06-01,5.32
FR,2000-07-01,5.4
FR,2000-08-01,5.36
FR,2000-09-01,5.42
FR,2000-10-01,5.36
FR,2000-11-01,5.29
FR,2000-12-01,5.04
FR,2001-01-01,4.94
FR,2001-02-01,4.93
FR,2001-03-01,4.84
FR,2001-04-01,5
FR,2001-05-01,5.21
FR,2001-06-01,5.15
FR,2001-07-01,5.15
FR,2001-08-01,4.95
FR,2001-09-01,4.94
FR,2001-10-01,4.72
FR,2001-11-01,4.57
FR,2001-12-01,4.87
FR,2002-01-01,4.93
FR,2002-02-01,4.99
FR,2002-03-01,5.24
FR,2002-04-01,5.24
FR,2002-05-01,5.26
FR,2002-06-01,5.11
FR,2002-07-01,4.96
FR,2002-08-01,4.67
FR,2002-09-01,4.46
FR,2002-10-01,4.55
FR,2002-11-01,4.53
FR,2002-12-01,4.38
FR,2003-01-01,4.22
FR,2003-02-01,4.01
FR,2003-03-01,4.1
FR,2003-04-01,4.22
FR,2003-05-01,3.89
FR,2003-06-01,3.69
FR,2003-07-01,4.01
FR,2003-08-01,4.16
FR,2003-09-01,4.23
FR,2003-10-01,4.28
FR,2003-11-01,4.41
FR,2003-12-01,4.34
FR,2004-01-01,4.2
FR,2004-02-01,4.14
FR,2004-03-01,3.98
FR,2004-04-01,4.18
FR,2004-05-01,4.34
FR,2004-06-01,4.39
FR,2004-07-01,4.27
FR,2004-08-01,4.11
FR,2004-09-01,4.09
FR,2004-10-01,3.98
FR,2004-11-01,3.86
FR,2004-12-01,3.64
FR,2005-01-01,3.58
FR,2005-02-01,3.6
FR,2005-03-01,3.75
FR,2005-04-01,3.54
FR,2005-05-01,3.38
FR,2005-06-01,3.2
FR,2005-07-01,3.27
FR,2005-08-01,3.3
FR,2005-09-01,3.13
FR,2005-10-01,3.29
FR,2005-11-01,3.5
FR,2005-12-01,3.38
FR,2006-01-01,3.34
FR,2006-02-01,3.51
FR,2006-03-01,3.69
FR,2006-04-01,3.95
FR,2006-05-01,4
FR,2006-06-01,4.01
FR,2006-07-01,4.03
FR,2006-08-01,3.9
FR,2006-09-01,3.77
FR,2006-10-01,3.81
FR,2006-11-01,3.74
FR,2006-12-01,3.81
FR,2007-01-01,4.07
FR,2007-02-01,4.1
FR,2007-03-01,4
FR,2007-04-01,4.21
FR,2007-05-01,4.34
FR,2007-06-01,4.62
FR,2007-07-01,4.58
FR,2007-08-01,4.39
FR,2007-09-01,4.36
FR,2007-10-01,4.4
FR,2007-11-01,4.23
FR,2007-12-01,4.35
FR,2008-01-01,4.15
FR,2008-02-01,4.08
FR,2008-03-01,4.02
FR,2008-04-01,4.27
FR,2008-05-01,4.41
FR,2008-06-01,4.73
FR,2008-07-01,4.69
FR,2008-08-01,4.4
FR,2008-09-01,4.36
FR,2008-10-01,4.18
FR,2008-11-01,3.98
FR,2008-12-01,3.54
FR,2009-01-01,3.6
FR,2009-02-01,3.68
FR,2009-03-01,3.65
FR,2009-04-01,3.66
FR,2009-05-01,3.8
FR,2009-06-01,3.9
FR,2009-07-01,3.73
FR,2009-08-01,3.59
FR,2009-09-01,3.59
FR,2009-10-01,3.56
FR,2009-11-01,3.56
FR,2009-12-01,3.48
FR,2010-01-01,3.52
FR,2010-02-01,3.5
FR,2010-03-01,3.44
FR,2010-04-01,3.4
FR,2010-05-01,3.08
FR,2010-06-01,3.07
FR,2010-07-01,2.99
FR,2010-08-01,2.68
FR,2010-09-01,2.68
FR,2010-10-01,2.72
FR,2010-11-01,3
FR,2010-12-01,3.34
FR,2011-01-01,3.44
FR,2011-02-01,3.6
FR,2011-03-01,3.61
FR,2011-04-01,3.69
FR,2011-05-01,3.49
FR,2011-06-01,3.43
FR,2011-07-01,3.4
FR,2011-08-01,2.98
FR,2011-09-01,2.64
FR,2011-10-01,2.99
FR,2011-11-01,3.41
FR,2011-12-01,3.16
FR,2012-01-01,3.18
FR,2012-02-01,3.02
FR,2012-03-01,2.95
FR,2012-04-01,2.99
FR,2012-05-01,2.75
FR,2012-06-01,2.57
FR,2012-07-01,2.28
FR,2012-08-01,2.12
FR,2012-09-01,2.24
FR,2012-10-01,2.19
FR,2012-11-01,2.14
FR,2012-12-01,2.01
FR,2013-01-01,2.17
FR,2013-02-01,2.24
FR,2013-03-01,2.07
FR,2013-04-01,1.8
FR,2013-05-01,1.87
FR,2013-06-01,2.21
FR,2013-07-01,2.25
FR,2013-08-01,2.36
FR,2013-09-01,2.49
FR,2013-10-01,2.39
FR,2013-11-01,2.27
FR,2013-12-01,2.33
FR,2014-01-01,2.38
FR,2014-02-01,2.25
FR,2014-03-01,2.15
FR,2014-04-01,2.03
FR,2014-05-01,1.84
FR,2014-06-01,1.71
FR,2014-07-01,1.56
FR,2014-08-01,1.41
FR,2014-09-01,1.35
FR,2014-10-01,1.26
FR,2014-11-01,1.14
FR,2014-12-01,0.92
FR,2015-01-01,0.67
FR,2015-02-01,0.6
FR,2015-03-01,0.51
FR,2015-04-01,0.44
FR,2015-05-01,0.89
FR,2015-06-01,1.2
FR,2015-07-01,1.11
FR,2015-08-01,1.01
FR,2015-09-01,1
FR,2015-10-01,0.87
FR,2015-11-01,0.88
FR,2015-12-01,0.93
FR,2016-01-01,0.84
FR,2016-02-01,0.59
FR,2016-03-01,0.51
FR,2016-04-01,0.51
FR,2016-05-01,0.51
FR,2016-06-01,0.39
FR,2016-07-01,0.17
FR,2016-08-01,0.15
FR,2016-09-01,0.18
FR,2016-10-01,0.33
FR,2016-11-01,0.67
FR,2016-12-01,0.75
FR,2017-01-01,0.86
FR,2017-02-01,1.03
FR,2017-03-01,1.02
FR,2017-04-01,0.88
FR,2017-05-01,0.81
FR,2017-06-01,0.66
FR,2017-07-01,0.84
FR,2017-08-01,0.71
FR,2017-09-01,0.7
FR,2017-10-01,0.81
FR,2017-11-01,0.72
FR,2017-12-01,0.67
FR,2018-01-01,0.85
FR,2018-02-01,0.98
FR,2018-03-01,0.83
FR,2018-04-01,0.78
FR,2018-05-01,0.79
FR,2018-06-01,0.75
FR,2018-07-01,0.67
FR,2018-08-01,0.7
FR,2018-09-01,0.77
FR,2018-10-01,0.82
FR,2018-11-01,0.76
FR,2018-12-01,0.7
FR,2019-01-01,0.65
FR,2019-02-01,0.55
FR,2019-03-01,0.44
FR,2019-04-01,0.37
FR,2019-05-01,0.3
FR,2019-06-01,0.08
FR,2019-07-01,-0.07
FR,2019-08-01,-0.34
FR,2019-09-01,-0.27
FR,2019-10-01,-0.16
FR,2019-11-01,-0.02
FR,2019-12-01,0.04
FR,2020-01-01,-0.01
FR,2020-02-01,-0.18
FR,2020-03-01,-0.05
FR,2020-04-01,0.06
FR,2020-05-01,-0.03
FR,2020-06-01,-0.04
FR,2020-07-01,-0.15
FR,2020-08-01,-0.17
FR,2020-09-01,-0.21
FR,2020-10-01,-0.3
FR,2020-11-01,-0.32
FR,2020-12-01,-0.34
FR,2021-01-01,-0.31
FR,2021-02-01,-0.15
FR,2021-03-01,-0.07
FR,2021-04-01,-0.01
FR,2021-05-01,0.21
FR,2021-06-01,0.15
FR,2021-07-01,-0.01
FR,2021-08-01,-0.12
FR,2021-09-01,0.04
FR,2021-10-01,0.2
FR,2021-11-01,0.1
FR,2021-12-01,0.05
FR,2022-01-01,0.31
FR,2022-02-01,0.68
FR,2022-03-01,0.78
FR,2022-04-01,1.28
FR,2022-05-01,1.52
FR,2022-06-01,2.06
FR,2022-07-01,1.71
FR,2022-08-01,1.69
FR,2022-09-01,2.41
FR,2022-10-01,2.77
FR,2022-11-01,2.58
FR,2022-12-01,2.62
FR,2023-01-01,2.69
FR,2023-02-01,2.87
FR,2023-03-01,2.92
FR,2023-04-01,2.9
FR,2023-05-01,2.94
FR,2023-06-01,2.93
FR,2023-07-01,3.04
FR,2023-08-01,3.11
FR,2023-09-01,3.24
FR,2023-10-01,3.45
FR,2023-11-01,3.19
FR,2023-12-01,2.65
FR,2024-01-01,2.74
FR,2024-02-01,2.85
FR,2024-03-01,2.82
FR,2024-04-01,2.97
FR,2024-05-01,3.03
FR,2024-06-01,3.15
FR,2024-07-01,3.14
FR,2024-08-01,2.94
FR,2024-09-01,2.9
FR,2024-10-01,2.99
FR,2024-11-01,3.09
FR,2024-12-01,3.01
FR,2025-01-01,3.32
FR,2025-02-01,3.15
FR,2025-03-01,3.43
FR,2025-04-01,3.26
FR,2025-05-01,3.26
FR,2025-06-01,3.24
FR,2025-07-01,3.36
FR,2025-08-01,3.42
FR,2025-09-01,3.51
FR,2025-10-01,3.44
NL,1986-04-01,6.114
NL,1986-05-01,6.335
NL,1986-06-01,6.291
NL,1986-07-01,6.243
NL,1986-08-01,6.008
NL,1986-09-01,6.025
NL,1986-10-01,6.179
NL,1986-11-01,6.219
NL,1986-12-01,6.265
NL,1987-01-01,6.164
NL,1987-02-01,6.179
NL,1987-03-01,6.197
NL,1987-04-01,6.12
NL,1987-05-01,6.06
NL,1987-06-01,6.272
NL,1987-07-01,6.45
NL,1987-08-01,6.6
NL,1987-09-01,6.867
NL,1987-10-01,7.075
NL,1987-11-01,6.412
NL,1987-12-01,6.419
NL,1988-01-01,6.375
NL,1988-02-01,6.2
NL,1988-03-01,6.13
NL,1988-04-01,6.189
NL,1988-05-01,6.472
NL,1988-06-01,6.454
NL,1988-07-01,6.644
NL,1988-08-01,6.715
NL,1988-09-01,6.523
NL,1988-10-01,6.266
NL,1988-11-01,6.351
NL,1988-12-01,6.504
NL,1989-01-01,6.664
NL,1989-02-01,6.971
NL,1989-03-01,7.092
NL,1989-04-01,7.079
NL,1989-05-01,7.357
NL,1989-06-01,7.19
NL,1989-07-01,7.052
NL,1989-08-01,7.036
NL,1989-09-01,7.209
NL,1989-10-01,7.428
NL,1989-11-01,7.723
NL,1989-12-01,7.753
NL,1990-01-01,8.207
NL,1990-02-01,8.808
NL,1990-03-01,8.955
NL,1990-04-01,8.881
NL,1990-05-01,8.914
NL,1990-06-01,8.955
NL,1990-07-01,8.732
NL,1990-08-01,9.001
NL,1990-09-01,9.172
NL,1990-10-01,9.21
NL,1990-11-01,9.135
NL,1990-12-01,9.071
NL,1991-01-01,9.142
NL,1991-02-01,8.623
NL,1991-03-01,8.66
NL,1991-04-01,8.578
NL,1991-05-01,8.595
NL,1991-06-01,8.641
NL,1991-07-01,8.822
NL,1991-08-01,8.837
NL,1991-09-01,8.773
NL,1991-10-01,8.724
NL,1991-11-01,8.749
NL,1991-12-01,8.696
NL,1992-01-01,8.399
NL,1992-02-01,8.314
NL,1992-03-01,8.308
NL,1992-04-01,8.308
NL,1992-05-01,8.318
NL,1992-06-01,8.304
NL,1992-07-01,8.33
NL,1992-08-01,8.353
NL,1992-09-01,8.037
NL,1992-10-01,7.646
NL,1992-11-01,7.509
NL,1992-12-01,7.383
NL,1993-01-01,7.143
NL,1993-02-01,6.884
NL,1993-03-01,6.573
NL,1993-04-01,6.606
NL,1993-05-01,6.671
NL,1993-06-01,6.592
NL,1993-07-01,6.428
NL,1993-08-01,6.177
NL,1993-09-01,5.975
NL,1993-10-01,5.825
NL,1993-11-01,5.806
NL,1993-12-01,5.674
NL,1994-01-01,5.595
NL,1994-02-01,5.859
NL,1994-03-01,6.29
NL,1994-04-01,6.525
NL,1994-05-01,6.741
NL,1994-06-01,7.107
NL,1994-07-01,6.91
NL,1994-08-01,7.122
NL,1994-09-01,7.488
NL,1994-10-01,7.509
NL,1994-11-01,7.536
NL,1994-12-01,7.595
NL,1995-01-01,7.709
NL,1995-02-01,7.539
NL,1995-03-01,7.419
NL,1995-04-01,7.172
NL,1995-05-01,6.915
NL,1995-06-01,6.824
NL,1995-07-01,6.85
NL,1995-08-01,6.744
NL,1995-09-01,6.578
NL,1995-10-01,6.588
NL,1995-11-01,6.317
NL,1995-12-01,6.092
NL,1996-01-01,5.873
NL,1996-02-01,6.217
NL,1996-03-01,6.448
NL,1996-04-01,6.343
NL,1996-05-01,6.344
NL,1996-06-01,6.465
NL,1996-07-01,6.41
NL,1996-08-01,6.242
NL,1996-09-01,6.102
NL,1996-10-01,5.879
NL,1996-11-01,5.76
NL,1996-12-01,5.715
NL,1997-01-01,5.657
NL,1997-02-01,5.474
NL,1997-03-01,5.656
NL,1997-04-01,5.791
NL,1997-05-01,5.688
NL,1997-06-01,5.618
NL,1997-07-01,5.488
NL,1997-08-01,5.604
NL,1997-09-01,5.554
NL,1997-10-01,5.567
NL,1997-11-01,5.538
NL,1997-12-01,5.284
NL,1998-01-01,5.08
NL,1998-02-01,5.014
NL,1998-03-01,4.94
NL,1998-04-01,4.946
NL,1998-05-01,4.998
NL,1998-06-01,4.85
NL,1998-07-01,4.763
NL,1998-08-01,4.533
NL,1998-09-01,4.192
NL,1998-10-01,4.143
NL,1998-11-01,4.185
NL,1998-12-01,3.959
NL,1999-01-01,3.807
NL,1999-02-01,3.932
NL,1999-03-01,4.139
NL,1999-04-01,4.006
NL,1999-05-01,4.193
NL,1999-06-01,4.513
NL,1999-07-01,4.82
NL,1999-08-01,5.03
NL,1999-09-01,5.215
NL,1999-10-01,5.45
NL,1999-11-01,5.178
NL,1999-12-01,5.284
NL,2000-01-01,5.666
NL,2000-02-01,5.655
NL,2000-03-01,5.479
NL,2000-04-01,5.381
NL,2000-05-01,5.501
NL,2000-06-01,5.309
NL,2000-07-01,5.401
NL,2000-08-01,5.361
NL,2000-09-01,5.414
NL,2000-10-01,5.348
NL,2000-11-01,5.296
NL,2000-12-01,5.029
NL,2001-01-01,4.93
NL,2001-02-01,4.916
NL,2001-03-01,4.826
NL,2001-04-01,5.016
NL,2001-05-01,5.221
NL,2001-06-01,5.17
NL,2001-07-01,5.172
NL,2001-08-01,4.979
NL,2001-09-01,4.979
NL,2001-10-01,4.765
NL,2001-11-01,4.62
NL,2001-12-01,4.89
NL,2002-01-01,4.969
NL,2002-02-01,5.025
NL,2002-03-01,5.272
NL,2002-04-01,5.25
NL,2002-05-01,5.306
NL,2002-06-01,5.162
NL,2002-07-01,4.993
NL,2002-08-01,4.711
NL,2002-09-01,4.497
NL,2002-10-01,4.58
NL,2002-11-01,4.555
NL,2002-12-01,4.363
NL,2003-01-01,4.189
NL,2003-02-01,3.971
NL,2003-03-01,4.013
NL,2003-04-01,4.232
NL,2003-05-01,3.913
NL,2003-06-01,3.722
NL,2003-07-01,4.036
NL,2003-08-01,4.185
NL,2003-09-01,4.212
NL,2003-10-01,4.27
NL,2003-11-01,4.409
NL,2003-12-01,4.326
NL,2004-01-01,4.181
NL,2004-02-01,4.122
NL,2004-03-01,3.934
NL,2004-04-01,4.127
NL,2004-05-01,4.371
NL,2004-06-01,4.422
NL,2004-07-01,4.306
NL,2004-08-01,4.146
NL,2004-09-01,4.09
NL,2004-10-01,3.964
NL,2004-11-01,3.845
NL,2004-12-01,3.632
NL,2005-01-01,3.558
NL,2005-02-01,3.547
NL,2005-03-01,3.689
NL,2005-04-01,3.477
NL,2005-05-01,3.304
NL,2005-06-01,3.134
NL,2005-07-01,3.269
NL,2005-08-01,3.283
NL,2005-09-01,3.116
NL,2005-10-01,3.279
NL,2005-11-01,3.478
NL,2005-12-01,3.353
NL,2006-01-01,3.327
NL,2006-02-01,3.476
NL,2006-03-01,3.656
NL,2006-04-01,3.921
NL,2006-05-01,3.964
NL,2006-06-01,3.973
NL,2006-07-01,3.994
NL,2006-08-01,3.903
NL,2006-09-01,3.778
NL,2006-10-01,3.82
NL,2006-11-01,3.749
NL,2006-12-01,3.819
NL,2007-01-01,4.052
NL,2007-02-01,4.074
NL,2007-03-01,3.978
NL,2007-04-01,4.194
NL,2007-05-01,4.328
NL,2007-06-01,4.614
NL,2007-07-01,4.564
NL,2007-08-01,4.383
NL,2007-09-01,4.343
NL,2007-10-01,4.376
NL,2007-11-01,4.209
NL,2007-12-01,4.338
NL,2008-01-01,4.131
NL,2008-02-01,4.046
NL,2008-03-01,3.974
NL,2008-04-01,4.21
NL,2008-05-01,4.362
NL,2008-06-01,4.734
NL,2008-07-01,4.687
NL,2008-08-01,4.398
NL,2008-09-01,4.353
NL,2008-10-01,4.228
NL,2008-11-01,3.963
NL,2008-12-01,3.647
NL,2009-01-01,3.763
NL,2009-02-01,3.797
NL,2009-03-01,3.658
NL,2009-04-01,3.771
NL,2009-05-01,3.853
NL,2009-06-01,3.956
NL,2009-07-01,3.764
NL,2009-08-01,3.609
NL,2009-09-01,3.58
NL,2009-10-01,3.533
NL,2009-11-01,3.52
NL,2009-12-01,3.438
NL,2010-01-01,3.467
NL,2010-02-01,3.356
NL,2010-03-01,3.368
NL,2010-04-01,3.321
NL,2010-05-01,3.018
NL,2010-06-01,2.899
NL,2010-07-01,2.853
NL,2010-08-01,2.558
NL,2010-09-01,2.524
NL,2010-10-01,2.577
NL,2010-11-01,2.785
NL,2010-12-01,3.155
NL,2011-01-01,3.228
NL,2011-02-01,3.408
NL,2011-03-01,3.423
NL,2011-04-01,3.647
NL,2011-05-01,3.403
NL,2011-06-01,3.283
NL,2011-07-01,3.172
NL,2011-08-01,2.677
NL,2011-09-01,2.336
NL,2011-10-01,2.464
NL,2011-11-01,2.446
NL,2011-12-01,2.376
NL,2012-01-01,2.197
NL,2012-02-01,2.236
NL,2012-03-01,2.249
NL,2012-04-01,2.291
NL,2012-05-01,1.961
NL,2012-06-01,1.926
NL,2012-07-01,1.747
NL,2012-08-01,1.757
NL,2012-09-01,1.844
NL,2012-10-01,1.767
NL,2012-11-01,1.65
NL,2012-12-01,1.562
NL,2013-01-01,1.738
NL,2013-02-01,1.827
NL,2013-03-01,1.669
NL,2013-04-01,1.663
NL,2013-05-01,1.691
NL,2013-06-01,2
NL,2013-07-01,2.032
NL,2013-08-01,2.196
NL,2013-09-01,2.322
NL,2013-10-01,2.177
NL,2013-11-01,2.056
NL,2013-12-01,2.156
NL,2014-01-01,2.098
NL,2014-02-01,1.891
NL,2014-03-01,1.81
NL,2014-04-01,1.846
NL,2014-05-01,1.709
NL,2014-06-01,1.598
NL,2014-07-01,1.407
NL,2014-08-01,1.2
NL,2014-09-01,1.154
NL,2014-10-01,1.032
NL,2014-11-01,0.934
NL,2014-12-01,0.777
NL,2015-01-01,0.52
NL,2015-02-01,0.416
NL,2015-03-01,0.326
NL,2015-04-01,0.314
NL,2015-05-01,0.754
NL,2015-06-01,1.054
NL,2015-07-01,0.986
NL,2015-08-01,0.853
NL,2015-09-01,0.866
NL,2015-10-01,0.725
NL,2015-11-01,0.716
NL,2015-12-01,0.754
NL,2016-01-01,0.646
NL,2016-02-01,0.371
NL,2016-03-01,0.32
NL,2016-04-01,0.395
NL,2016-05-01,0.384
NL,2016-06-01,0.25
NL,2016-07-01,0.062
NL,2016-08-01,0.027
NL,2016-09-01,0.061
NL,2016-10-01,0.156
NL,2016-11-01,0.385
NL,2016-12-01,0.436
NL,2017-01-01,0.481
NL,2017-02-01,0.486
NL,2017-03-01,0.485
NL,2017-04-01,0.498
NL,2017-05-01,0.589
NL,2017-06-01,0.503
NL,2017-07-01,0.688
NL,2017-08-01,0.542
NL,2017-09-01,0.532
NL,2017-10-01,0.541
NL,2017-11-01,0.468
NL,2017-12-01,0.452
NL,2018-01-01,0.611
NL,2018-02-01,0.761
NL,2018-03-01,0.626
NL,2018-04-01,0.69
NL,2018-05-01,0.671
NL,2018-06-01,0.565
NL,2018-07-01,0.474
NL,2018-08-01,0.473
NL,2018-09-01,0.551
NL,2018-10-01,0.582
NL,2018-11-01,0.518
NL,2018-12-01,0.401
NL,2019-01-01,0.332
NL,2019-02-01,0.236
NL,2019-03-01,0.15
NL,2019-04-01,0.195
NL,2019-05-01,0.11
NL,2019-06-01,-0.092
NL,2019-07-01,-0.206
NL,2019-08-01,-0.499
NL,2019-09-01,-0.427
NL,2019-10-01,-0.314
NL,2019-11-01,-0.192
NL,2019-12-01,-0.135
NL,2020-01-01,-0.17
NL,2020-02-01,-0.335
NL,2020-03-01,-0.326
NL,2020-04-01,-0.218
NL,2020-05-01,-0.312
NL,2020-06-01,-0.293
NL,2020-07-01,-0.391
NL,2020-08-01,-0.412
NL,2020-09-01,-0.441
NL,2020-10-01,-0.528
NL,2020-11-01,-0.543
NL,2020-12-01,-0.553
NL,2021-01-01,-0.532
NL,2021-02-01,-0.392
NL,2021-03-01,-0.331
NL,2021-04-01,-0.296
NL,2021-05-01,-0.186
NL,2021-06-01,-0.236
NL,2021-07-01,-0.381
NL,2021-08-01,-0.48
NL,2021-09-01,-0.339
NL,2021-10-01,-0.178
NL,2021-11-01,-0.268
NL,2021-12-01,-0.318
NL,2022-01-01,-0.098
NL,2022-02-01,0.237
NL,2022-03-01,0.343
NL,2022-04-01,0.854
NL,2022-05-01,1.054
NL,2022-06-01,1.819
NL,2022-07-01,1.467
NL,2022-08-01,1.414
NL,2022-09-01,2.142
NL,2022-10-01,2.52
NL,2022-11-01,2.351
NL,2022-12-01,2.429
NL,2023-01-01,2.499
NL,2023-02-01,2.678
NL,2023-03-01,2.758
NL,2023-04-01,2.719
NL,2023-05-01,2.728
NL,2023-06-01,2.75
NL,2023-07-01,2.84
NL,2023-08-01,2.917
NL,2023-09-01,3.036
NL,2023-10-01,3.207
NL,2023-11-01,2.95
NL,2023-12-01,2.422
NL,2024-01-01,2.506
NL,2024-02-01,2.643
NL,2024-03-01,2.616
NL,2024-04-01,2.718
NL,2024-05-01,2.829
NL,2024-06-01,2.822
NL,2024-07-01,2.765
NL,2024-08-01,2.531
NL,2024-09-01,2.469
NL,2024-10-01,2.533
NL,2024-11-01,2.567
NL,2024-12-01,2.447
NL,2025-01-01,2.732
NL,2025-02-01,2.629
NL,2025-03-01,2.936
NL,2025-04-01,2.713
NL,2025-05-01,2.796
NL,2025-06-01,2.757
NL,2025-07-01,2.844
NL,2025-08-01,2.88
NL,2025-09-01,2.883
NL,2025-10-01,2.794
AT,1993-01-01,7.2235
AT,1993-02-01,7.1308
AT,1993-03-01,6.858
AT,1993-04-01,6.9251
AT,1993-05-01,7.0583
AT,1993-06-01,6.9902
AT,1993-07-01,6.75
AT,1993-08-01,6.6043
AT,1993-09-01,6.435
AT,1993-10-01,6.2644
AT,1993-11-01,6.1763
AT,1993-12-01,6.036
AT,1994-01-01,5.8139
AT,1994-02-01,6.0563
AT,1994-03-01,6.4525
AT,1994-04-01,6.6674
AT,1994-05-01,6.9697
AT,1994-06-01,7.4108
AT,1994-07-01,7.119
AT,1994-08-01,7.2047
AT,1994-09-01,7.568
AT,1994-10-01,7.689
AT,1994-11-01,7.7239
AT,1994-12-01,7.6304
AT,1995-01-01,7.7215
AT,1995-02-01,7.6484
AT,1995-03-01,7.5122
AT,1995-04-01,7.3671
AT,1995-05-01,7.1317
AT,1995-06-01,7.0533
AT,1995-07-01,7.111
AT,1995-08-01,7.0031
AT,1995-09-01,6.8798
AT,1995-10-01,6.9635
AT,1995-11-01,6.7628
AT,1995-12-01,6.4665
AT,1996-01-01,6.2054
AT,1996-02-01,6.4352
AT,1996-03-01,6.5493
AT,1996-04-01,6.4323
AT,1996-05-01,6.4511
AT,1996-06-01,6.6334
AT,1996-07-01,6.5807
AT,1996-08-01,6.413
AT,1996-09-01,6.2967
AT,1996-10-01,6.0578
AT,1996-11-01,5.9453
AT,1996-12-01,5.8574
AT,1997-01-01,5.8388
AT,1997-02-01,5.5801
AT,1997-03-01,5.7105
AT,1997-04-01,5.8976
AT,1997-05-01,5.7876
AT,1997-06-01,5.7813
AT,1997-07-01,5.607
AT,1997-08-01,5.7032
AT,1997-09-01,5.6349
AT,1997-10-01,5.6219
AT,1997-11-01,5.6292
AT,1997-12-01,5.402
AT,1998-01-01,5.1932
AT,1998-02-01,5.0682
AT,1998-03-01,4.9687
AT,1998-04-01,4.9735
AT,1998-05-01,5.0296
AT,1998-06-01,4.8886
AT,1998-07-01,4.825
AT,1998-08-01,4.6212
AT,1998-09-01,4.3132
AT,1998-10-01,4.2973
AT,1998-11-01,4.329
AT,1998-12-01,4.0545
AT,1999-01-01,3.8426
AT,1999-02-01,3.984
AT,1999-03-01,4.1648
AT,1999-04-01,4.0321
AT,1999-05-01,4.2107
AT,1999-06-01,4.5399
AT,1999-07-01,4.8678
AT,1999-08-01,5.1012
AT,1999-09-01,5.2748
AT,1999-10-01,5.5291
AT,1999-11-01,5.271
AT,1999-12-01,5.3528
AT,2000-01-01,5.7533
AT,2000-02-01,5.7722
AT,2000-03-01,5.5851
AT,2000-04-01,5.4877
AT,2000-05-01,5.6624
AT,2000-06-01,5.515
AT,2000-07-01,5.597
AT,2000-08-01,5.5428
AT,2000-09-01,5.5665
AT,2000-10-01,5.5152
AT,2000-11-01,5.4556
AT,2000-12-01,5.212
AT,2001-01-01,5.0996
AT,2001-02-01,5.0983
AT,2001-03-01,5.0094
AT,2001-04-01,5.1608
AT,2001-05-01,5.3443
AT,2001-06-01,5.2723
AT,2001-07-01,5.2923
AT,2001-08-01,5.0979
AT,2001-09-01,5.0806
AT,2001-10-01,4.8475
AT,2001-11-01,4.7045
AT,2001-12-01,4.9545
AT,2002-01-01,5.0646
AT,2002-02-01,5.1192
AT,2002-03-01,5.3575
AT,2002-04-01,5.3473
AT,2002-05-01,5.3684
AT,2002-06-01,5.2177
AT,2002-07-01,5.0607
AT,2002-08-01,4.7739
AT,2002-09-01,4.5708
AT,2002-10-01,4.6421
AT,2002-11-01,4.6152
AT,2002-12-01,4.4282
AT,2003-01-01,4.2233
AT,2003-02-01,4.0091
AT,2003-03-01,4.032
AT,2003-04-01,4.1584
AT,2003-05-01,3.8511
AT,2003-06-01,3.7575
AT,2003-07-01,4.0613
AT,2003-08-01,4.2159
AT,2003-09-01,4.2447
AT,2003-10-01,4.3182
AT,2003-11-01,4.4386
AT,2003-12-01,4.3803
AT,2004-01-01,4.2664
AT,2004-02-01,4.2255
AT,2004-03-01,4.0493
AT,2004-04-01,4.2415
AT,2004-05-01,4.3657
AT,2004-06-01,4.4219
AT,2004-07-01,4.3132
AT,2004-08-01,4.1482
AT,2004-09-01,4.0899
AT,2004-10-01,3.9739
AT,2004-11-01,3.841
AT,2004-12-01,3.6342
AT,2005-01-01,3.5641
AT,2005-02-01,3.5473
AT,2005-03-01,3.7023
AT,2005-04-01,3.4965
AT,2005-05-01,3.4131
AT,2005-06-01,3.2292
AT,2005-07-01,3.2681
AT,2005-08-01,3.2841
AT,2005-09-01,3.1155
AT,2005-10-01,3.2683
AT,2005-11-01,3.4771
AT,2005-12-01,3.3592
AT,2006-01-01,3.3271
AT,2006-02-01,3.4753
AT,2006-03-01,3.6537
AT,2006-04-01,3.922
AT,2006-05-01,4.0297
AT,2006-06-01,4.0281
AT,2006-07-01,4.0541
AT,2006-08-01,3.9214
AT,2006-09-01,3.7938
AT,2006-10-01,3.8344
AT,2006-11-01,3.7587
AT,2006-12-01,3.8118
AT,2007-01-01,4.06
AT,2007-02-01,4.0923
AT,2007-03-01,3.9878
AT,2007-04-01,4.2061
AT,2007-05-01,4.33
AT,2007-06-01,4.6259
AT,2007-07-01,4.5856
AT,2007-08-01,4.3819
AT,2007-09-01,4.3308
AT,2007-10-01,4.4006
AT,2007-11-01,4.2138
AT,2007-12-01,4.3502
AT,2008-01-01,4.2169
AT,2008-02-01,4.1809
AT,2008-03-01,4.1443
AT,2008-04-01,4.3432
AT,2008-05-01,4.48
AT,2008-06-01,4.7959
AT,2008-07-01,4.7804
AT,2008-08-01,4.4821
AT,2008-09-01,4.4574
AT,2008-10-01,4.3338
AT,2008-11-01,4.1919
AT,2008-12-01,3.8955
AT,2009-01-01,3.9981
AT,2009-02-01,4.2059
AT,2009-03-01,4.1649
AT,2009-04-01,4.0446
AT,2009-05-01,4.1025
AT,2009-06-01,4.321
AT,2009-07-01,4.0417
AT,2009-08-01,3.7618
AT,2009-09-01,3.7486
AT,2009-10-01,3.6545
AT,2009-11-01,3.6001
AT,2009-12-01,3.6079
AT,2010-01-01,3.7512
AT,2010-02-01,3.6626
AT,2010-03-01,3.5344
AT,2010-04-01,3.4552
AT,2010-05-01,3.2082
AT,2010-06-01,3.1974
AT,2010-07-01,3.065
AT,2010-08-01,2.7731
AT,2010-09-01,2.8028
AT,2010-10-01,2.8199
AT,2010-11-01,3.0149
AT,2010-12-01,3.4319
AT,2011-01-01,3.5407
AT,2011-02-01,3.6764
AT,2011-03-01,3.682
AT,2011-04-01,3.7639
AT,2011-05-01,3.528
AT,2011-06-01,3.4338
AT,2011-07-01,3.3464
AT,2011-08-01,2.8435
AT,2011-09-01,2.6431
AT,2011-10-01,2.9232
AT,2011-11-01,3.3598
AT,2011-12-01,3.0951
AT,2012-01-01,3.2696
AT,2012-02-01,2.9966
AT,2012-03-01,2.873
AT,2012-04-01,2.8257
AT,2012-05-01,2.4937
AT,2012-06-01,2.2866
AT,2012-07-01,2.0678
AT,2012-08-01,1.969
AT,2012-09-01,2.0402
AT,2012-10-01,2.0154
AT,2012-11-01,1.8493
AT,2012-12-01,1.7672
AT,2013-01-01,1.923
AT,2013-02-01,1.9644
AT,2013-03-01,1.7467
AT,2013-04-01,1.6447
AT,2013-05-01,1.7513
AT,2013-06-01,2.0361
AT,2013-07-01,2.0643
AT,2013-08-01,2.2152
AT,2013-09-01,2.3432
AT,2013-10-01,2.1903
AT,2013-11-01,2.0781
AT,2013-12-01,2.1718
AT,2014-01-01,2.1311
AT,2014-02-01,1.952
AT,2014-03-01,1.8675
AT,2014-04-01,1.7683
AT,2014-05-01,1.6199
AT,2014-06-01,1.6506
AT,2014-07-01,1.4656
AT,2014-08-01,1.2798
AT,2014-09-01,1.221
AT,2014-10-01,1.1022
AT,2014-11-01,0.9762
AT,2014-12-01,0.8133
AT,2015-01-01,0.5434
AT,2015-02-01,0.4403
AT,2015-03-01,0.3736
AT,2015-04-01,0.2911
AT,2015-05-01,0.7255
AT,2015-06-01,1.0638
AT,2015-07-01,1.0841
AT,2015-08-01,0.9598
AT,2015-09-01,0.9706
AT,2015-10-01,0.8297
AT,2015-11-01,0.8194
AT,2015-12-01,0.8632
AT,2016-01-01,0.7672
AT,2016-02-01,0.526
AT,2016-03-01,0.4572
AT,2016-04-01,0.3796
AT,2016-05-01,0.3666
AT,2016-06-01,0.3277
AT,2016-07-01,0.1583
AT,2016-08-01,0.1068
AT,2016-09-01,0.1484
AT,2016-10-01,0.2407
AT,2016-11-01,0.4916
AT,2016-12-01,0.5345
AT,2017-01-01,0.5705
AT,2017-02-01,0.5899
AT,2017-03-01,0.5924
AT,2017-04-01,0.4903
AT,2017-05-01,0.6517
AT,2017-06-01,0.5547
AT,2017-07-01,0.7292
AT,2017-08-01,0.6062
AT,2017-09-01,0.5911
AT,2017-10-01,0.6062
AT,2017-11-01,0.5145
AT,2017-12-01,0.5027
AT,2018-01-01,0.6692
AT,2018-02-01,0.8357
AT,2018-03-01,0.8134
AT,2018-04-01,0.7625
AT,2018-05-01,0.7606
AT,2018-06-01,0.7064
AT,2018-07-01,0.596
AT,2018-08-01,0.5973
AT,2018-09-01,0.6654
AT,2018-10-01,0.6875
AT,2018-11-01,0.6201
AT,2018-12-01,0.5198
AT,2019-01-01,0.452
AT,2019-02-01,0.4513
AT,2019-03-01,0.3766
AT,2019-04-01,0.3143
AT,2019-05-01,0.2381
AT,2019-06-01,0.0301
AT,2019-07-01,-0.1037
AT,2019-08-01,-0.3737
AT,2019-09-01,-0.3024
AT,2019-10-01,-0.1974
AT,2019-11-01,-0.0861
AT,2019-12-01,-0.0439
AT,2020-01-01,-0.0868
AT,2020-02-01,-0.2574
AT,2020-03-01,-0.0938
AT,2020-04-01,0.0458
AT,2020-05-01,-0.0974
AT,2020-06-01,-0.1309
AT,2020-07-01,-0.2485
AT,2020-08-01,-0.28
AT,2020-09-01,-0.3174
AT,2020-10-01,-0.398
AT,2020-11-01,-0.4114
AT,2020-12-01,-0.4224
AT,2021-01-01,-0.3995
AT,2021-02-01,-0.1969
AT,2021-03-01,-0.0887
AT,2021-04-01,-0.0409
AT,2021-05-01,0.0803
AT,2021-06-01,0.0229
AT,2021-07-01,-0.1302
AT,2021-08-01,-0.225
AT,2021-09-01,-0.076
AT,2021-10-01,0.0837
AT,2021-11-01,-0.0088
AT,2021-12-01,-0.0455
AT,2022-01-01,0.1813
AT,2022-02-01,0.5391
AT,2022-03-01,0.7207
AT,2022-04-01,1.2857
AT,2022-05-01,1.5363
AT,2022-06-01,2.0707
AT,2022-07-01,1.7014
AT,2022-08-01,1.6802
AT,2022-09-01,2.4592
AT,2022-10-01,2.9161
AT,2022-11-01,2.7031
AT,2022-12-01,2.74
AT,2023-01-01,2.8076
AT,2023-02-01,3.0437
AT,2023-03-01,3.0597
AT,2023-04-01,3.0285
AT,2023-05-01,3.0317
AT,2023-06-01,3.0451
AT,2023-07-01,3.1249
AT,2023-08-01,3.1801
AT,2023-09-01,3.2942
AT,2023-10-01,3.4856
AT,2023-11-01,3.2107
AT,2023-12-01,2.6803
AT,2024-01-01,2.7596
AT,2024-02-01,2.8929
AT,2024-03-01,2.8535
AT,2024-04-01,2.9861
AT,2024-05-01,3.0161
AT,2024-06-01,3.0384
AT,2024-07-01,2.9776
AT,2024-08-01,2.7626
AT,2024-09-01,2.6895
AT,2024-10-01,2.7438
AT,2024-11-01,2.7721
AT,2024-12-01,2.6203
AT,2025-01-01,2.9085
AT,2025-02-01,2.8587
AT,2025-03-01,3.149
AT,2025-04-01,2.9821
AT,2025-05-01,2.9799
AT,2025-06-01,2.9443
AT,2025-07-01,3.0137
AT,2025-08-01,3.0253
AT,2025-09-01,3.0244
AT,2025-10-01,2.9352
GR,2008-01-01,4.64
GR,2008-02-01,4.56
GR,2008-03-01,4.56
GR,2008-04-01,4.66
GR,2008-05-01,4.72
GR,2008-06-01,4.97
GR,2008-07-01,5.10
GR,2008-08-01,4.90
GR,2008-09-01,4.96
GR,2008-10-01,5.26
GR,2008-11-01,5.31
GR,2008-12-01,5.07
GR,2009-01-01,5.48
GR,2009-02-01,5.73
GR,2009-03-01,5.76
GR,2009-04-01,5.55
GR,2009-05-01,5.33
GR,2009-06-01,5.29
GR,2009-07-01,5.21
GR,2009-08-01,4.96
GR,2009-09-01,4.90
GR,2009-10-01,4.68
GR,2009-11-01,4.84
GR,2009-12-01,5.69
GR,2010-01-01,6.08
GR,2010-02-01,6.43
GR,2010-03-01,6.37
GR,2010-04-01,8.15
GR,2010-05-01,8.54
GR,2010-06-01,9.11
GR,2010-07-01,10.34
GR,2010-08-01,10.10
GR,2010-09-01,10.74
GR,2010-10-01,9.68
GR,2010-11-01,11.53
GR,2010-12-01,12.01
GR,2011-01-01,11.73
GR,2011-02-01,11.52
GR,2011-03-01,12.52
GR,2011-04-01,13.63
GR,2011-05-01,15.48
GR,2011-06-01,16.30
GR,2011-07-01,17.42
GR,2011-08-01,15.38
GR,2011-09-01,21.63
GR,2011-10-01,22.44
GR,2011-11-01,27.48
GR,2011-12-01,32.76
GR,2012-01-01,33.82
GR,2012-02-01,34.05
GR,2012-03-01,36.59
GR,2012-04-01,20.09
GR,2012-05-01,27.71
GR,2012-06-01,27.82
GR,2012-07-01,25.31
GR,2012-08-01,23.20
GR,2012-09-01,20.54
GR,2012-10-01,18.12
GR,2012-11-01,16.66
GR,2012-12-01,13.33
GR,2013-01-01,11.15
GR,2013-02-01,10.89
GR,2013-03-01,11.65
GR,2013-04-01,11.19
GR,2013-05-01,9.36
GR,2013-06-01,10.14
GR,2013-07-01,10.13
GR,2013-08-01,9.95
GR,2013-09-01,9.96
GR,2013-10-01,8.63
GR,2013-11-01,8.48
GR,2013-12-01,8.34
GR,2014-01-01,7.79
GR,2014-02-01,7.38
GR,2014-03-01,6.73
GR,2014-04-01,6.15
GR,2014-05-01,6.08
GR,2014-06-01,5.87
GR,2014-07-01,5.89
GR,2014-08-01,5.79
GR,2014-09-01,5.94
GR,2014-10-01,6.88
GR,2014-11-01,7.83
GR,2014-12-01,8.36
GR,2015-01-01,9.52
GR,2015-02-01,9.69
GR,2015-03-01,10.51
GR,2015-04-01,11.28
GR,2015-05-01,10.67
GR,2015-06-01,11.71
GR,2015-07-01,14.43
GR,2015-08-01,9.18
GR,2015-09-01,8.35
GR,2015-10-01,7.72
GR,2015-11-01,7.47
GR,2015-12-01,8.09
